Price,Date
0.1,2010-07-18
0.1,2010-07-19
0.1,2010-07-20
0.1,2010-07-21
0.1,2010-07-22
0.1,2010-07-23
0.1,2010-07-24
0.1,2010-07-25
0.1,2010-07-26
0.1,2010-07-27
0.1,2010-07-28
0.1,2010-07-29
0.1,2010-07-30
0.1,2010-07-31
0.1,2010-08-01
0.1,2010-08-02
0.1,2010-08-03
0.1,2010-08-04
0.1,2010-08-05
0.1,2010-08-06
0.1,2010-08-07
0.1,2010-08-08
0.1,2010-08-09
0.1,2010-08-10
0.1,2010-08-11
0.1,2010-08-12
0.1,2010-08-13
0.1,2010-08-14
0.1,2010-08-15
0.1,2010-08-16
0.1,2010-08-17
0.1,2010-08-18
0.1,2010-08-19
0.1,2010-08-20
0.1,2010-08-21
0.1,2010-08-22
0.1,2010-08-23
0.1,2010-08-24
0.1,2010-08-25
0.1,2010-08-26
0.1,2010-08-27
0.1,2010-08-28
0.1,2010-08-29
0.1,2010-08-30
0.1,2010-08-31
0.1,2010-09-01
0.1,2010-09-02
0.1,2010-09-03
0.1,2010-09-04
0.1,2010-09-05
0.1,2010-09-06
0.1,2010-09-07
0.1,2010-09-08
0.1,2010-09-09
0.1,2010-09-10
0.1,2010-09-11
0.1,2010-09-12
0.1,2010-09-13
0.1,2010-09-14
0.1,2010-09-15
0.1,2010-09-16
0.1,2010-09-17
0.1,2010-09-18
0.1,2010-09-19
0.1,2010-09-20
0.1,2010-09-21
0.1,2010-09-22
0.1,2010-09-23
0.1,2010-09-24
0.1,2010-09-25
0.1,2010-09-26
0.1,2010-09-27
0.1,2010-09-28
0.1,2010-09-29
0.1,2010-09-30
0.1,2010-10-01
0.1,2010-10-02
0.1,2010-10-03
0.1,2010-10-04
0.1,2010-10-05
0.1,2010-10-06
0.1,2010-10-07
0.1,2010-10-08
0.1,2010-10-09
0.1,2010-10-10
0.1,2010-10-11
0.1,2010-10-12
0.1,2010-10-13
0.1,2010-10-14
0.1,2010-10-15
0.1,2010-10-16
0.1,2010-10-17
0.1,2010-10-18
0.1,2010-10-19
0.1,2010-10-20
0.1,2010-10-21
0.1,2010-10-22
0.1,2010-10-23
0.1,2010-10-24
0.1,2010-10-25
0.2,2010-10-26
0.2,2010-10-27
0.2,2010-10-28
0.2,2010-10-29
0.2,2010-10-30
0.2,2010-10-31
0.2,2010-11-01
0.2,2010-11-02
0.2,2010-11-03
0.2,2010-11-04
0.3,2010-11-05
0.4,2010-11-06
0.3,2010-11-07
0.2,2010-11-08
0.2,2010-11-09
0.2,2010-11-10
0.2,2010-11-11
0.3,2010-11-12
0.3,2010-11-13
0.3,2010-11-14
0.3,2010-11-15
0.2,2010-11-16
0.2,2010-11-17
0.3,2010-11-18
0.3,2010-11-19
0.3,2010-11-20
0.3,2010-11-21
0.3,2010-11-22
0.3,2010-11-23
0.3,2010-11-24
0.3,2010-11-25
0.3,2010-11-26
0.3,2010-11-27
0.3,2010-11-28
0.2,2010-11-29
0.2,2010-11-30
0.2,2010-12-01
0.3,2010-12-02
0.3,2010-12-03
0.2,2010-12-04
0.2,2010-12-05
0.2,2010-12-06
0.2,2010-12-07
0.2,2010-12-08
0.2,2010-12-09
0.2,2010-12-10
0.2,2010-12-11
0.2,2010-12-12
0.2,2010-12-13
0.2,2010-12-14
0.2,2010-12-15
0.3,2010-12-16
0.2,2010-12-17
0.2,2010-12-18
0.2,2010-12-19
0.3,2010-12-20
0.2,2010-12-21
0.3,2010-12-22
0.3,2010-12-23
0.2,2010-12-24
0.2,2010-12-25
0.3,2010-12-26
0.3,2010-12-27
0.3,2010-12-28
0.3,2010-12-29
0.3,2010-12-30
0.3,2010-12-31
0.3,2011-01-01
0.3,2011-01-02
0.3,2011-01-03
0.3,2011-01-04
0.3,2011-01-05
0.3,2011-01-06
0.3,2011-01-07
0.3,2011-01-08
0.3,2011-01-09
0.3,2011-01-10
0.3,2011-01-11
0.3,2011-01-12
0.3,2011-01-13
0.4,2011-01-14
0.4,2011-01-15
0.4,2011-01-16
0.3,2011-01-17
0.3,2011-01-18
0.3,2011-01-19
0.4,2011-01-20
0.4,2011-01-21
0.4,2011-01-22
0.4,2011-01-23
0.4,2011-01-24
0.4,2011-01-25
0.4,2011-01-26
0.4,2011-01-27
0.4,2011-01-28
0.4,2011-01-29
0.5,2011-01-30
0.5,2011-01-31
0.7,2011-02-01
0.7,2011-02-02
0.7,2011-02-03
0.8,2011-02-04
0.9,2011-02-05
0.9,2011-02-06
0.9,2011-02-07
0.9,2011-02-08
1.1,2011-02-09
1.0,2011-02-10
1.1,2011-02-11
1.1,2011-02-12
1.0,2011-02-13
1.1,2011-02-14
1.0,2011-02-15
1.0,2011-02-16
1.0,2011-02-17
0.9,2011-02-18
0.9,2011-02-19
0.9,2011-02-20
0.8,2011-02-21
0.9,2011-02-22
0.9,2011-02-23
1.0,2011-02-24
0.9,2011-02-25
1.0,2011-02-26
0.9,2011-02-27
0.9,2011-02-28
0.9,2011-03-01
0.9,2011-03-02
0.9,2011-03-03
0.9,2011-03-04
0.9,2011-03-05
0.9,2011-03-06
0.9,2011-03-07
0.9,2011-03-08
0.9,2011-03-09
0.9,2011-03-10
0.9,2011-03-11
0.9,2011-03-12
0.9,2011-03-13
0.9,2011-03-14
0.9,2011-03-15
0.9,2011-03-16
0.8,2011-03-17
0.8,2011-03-18
0.8,2011-03-19
0.7,2011-03-20
0.8,2011-03-21
0.8,2011-03-22
0.8,2011-03-23
0.9,2011-03-24
0.9,2011-03-25
0.9,2011-03-26
0.8,2011-03-27
0.8,2011-03-28
0.8,2011-03-29
0.8,2011-03-30
0.8,2011-03-31
0.8,2011-04-01
0.8,2011-04-02
0.8,2011-04-03
0.7,2011-04-04
0.7,2011-04-05
0.7,2011-04-06
0.8,2011-04-07
0.8,2011-04-08
0.7,2011-04-09
0.7,2011-04-10
0.8,2011-04-11
0.9,2011-04-12
0.9,2011-04-13
1.0,2011-04-14
1.0,2011-04-15
1.0,2011-04-16
1.1,2011-04-17
1.2,2011-04-18
1.2,2011-04-19
1.1,2011-04-20
1.2,2011-04-21
1.4,2011-04-22
1.7,2011-04-23
1.6,2011-04-24
1.6,2011-04-25
1.8,2011-04-26
1.9,2011-04-27
2.2,2011-04-28
2.9,2011-04-29
3.5,2011-04-30
3.0,2011-05-01
3.2,2011-05-02
3.4,2011-05-03
3.4,2011-05-04
3.3,2011-05-05
3.5,2011-05-06
3.6,2011-05-07
3.9,2011-05-08
3.8,2011-05-09
5.8,2011-05-10
5.5,2011-05-11
6.3,2011-05-12
8.2,2011-05-13
7.2,2011-05-14
7.0,2011-05-15
8.0,2011-05-16
7.2,2011-05-17
6.9,2011-05-18
6.8,2011-05-19
5.6,2011-05-20
6.1,2011-05-21
6.7,2011-05-22
7.2,2011-05-23
7.4,2011-05-24
8.4,2011-05-25
8.8,2011-05-26
8.5,2011-05-27
8.3,2011-05-28
8.4,2011-05-29
8.8,2011-05-30
8.7,2011-05-31
9.6,2011-06-01
10.6,2011-06-02
14.3,2011-06-03
18.9,2011-06-04
16.7,2011-06-05
18.5,2011-06-06
23.9,2011-06-07
29.6,2011-06-08
28.9,2011-06-09
24.0,2011-06-10
14.6,2011-06-11
18.5,2011-06-12
19.8,2011-06-13
19.3,2011-06-14
19.5,2011-06-15
17.0,2011-06-16
15.7,2011-06-17
16.9,2011-06-18
17.5,2011-06-19
17.5,2011-06-20
17.5,2011-06-21
17.5,2011-06-22
17.5,2011-06-23
17.5,2011-06-24
17.5,2011-06-25
16.5,2011-06-26
16.8,2011-06-27
17.0,2011-06-28
16.9,2011-06-29
16.1,2011-06-30
15.4,2011-07-01
15.4,2011-07-02
15.4,2011-07-03
13.9,2011-07-04
12.9,2011-07-05
14.8,2011-07-06
14.8,2011-07-07
14.3,2011-07-08
14.4,2011-07-09
14.9,2011-07-10
14.2,2011-07-11
14.0,2011-07-12
13.9,2011-07-13
14.0,2011-07-14
13.8,2011-07-15
13.7,2011-07-16
13.2,2011-07-17
13.5,2011-07-18
13.9,2011-07-19
13.7,2011-07-20
13.6,2011-07-21
13.7,2011-07-22
13.7,2011-07-23
14.0,2011-07-24
14.1,2011-07-25
13.9,2011-07-26
13.9,2011-07-27
13.5,2011-07-28
13.5,2011-07-29
13.5,2011-07-30
13.4,2011-07-31
13.1,2011-08-01
12.1,2011-08-02
9.3,2011-08-03
10.8,2011-08-04
9.8,2011-08-05
6.6,2011-08-06
7.9,2011-08-07
7.8,2011-08-08
10.0,2011-08-09
10.0,2011-08-10
9.5,2011-08-11
9.5,2011-08-12
10.1,2011-08-13
10.8,2011-08-14
11.1,2011-08-15
11.0,2011-08-16
10.9,2011-08-17
10.8,2011-08-18
11.6,2011-08-19
11.4,2011-08-20
11.3,2011-08-21
10.9,2011-08-22
10.9,2011-08-23
10.9,2011-08-24
9.7,2011-08-25
8.2,2011-08-26
8.6,2011-08-27
9.1,2011-08-28
9.0,2011-08-29
8.8,2011-08-30
8.2,2011-08-31
8.2,2011-09-01
8.6,2011-09-02
8.5,2011-09-03
8.2,2011-09-04
7.6,2011-09-05
6.9,2011-09-06
7.2,2011-09-07
6.5,2011-09-08
5.0,2011-09-09
4.8,2011-09-10
5.9,2011-09-11
6.1,2011-09-12
5.8,2011-09-13
5.6,2011-09-14
4.8,2011-09-15
4.8,2011-09-16
4.8,2011-09-17
5.2,2011-09-18
5.5,2011-09-19
6.1,2011-09-20
5.6,2011-09-21
5.4,2011-09-22
5.6,2011-09-23
5.5,2011-09-24
5.3,2011-09-25
4.9,2011-09-26
4.9,2011-09-27
4.8,2011-09-28
4.8,2011-09-29
5.1,2011-09-30
5.0,2011-10-01
5.0,2011-10-02
5.0,2011-10-03
5.0,2011-10-04
4.9,2011-10-05
4.7,2011-10-06
4.3,2011-10-07
4.0,2011-10-08
4.1,2011-10-09
4.1,2011-10-10
3.9,2011-10-11
4.2,2011-10-12
4.1,2011-10-13
4.0,2011-10-14
3.8,2011-10-15
3.6,2011-10-16
2.6,2011-10-17
2.4,2011-10-18
2.3,2011-10-19
2.3,2011-10-20
2.6,2011-10-21
3.2,2011-10-22
3.2,2011-10-23
2.5,2011-10-24
2.8,2011-10-25
2.8,2011-10-26
3.0,2011-10-27
3.2,2011-10-28
3.6,2011-10-29
3.3,2011-10-30
3.3,2011-10-31
3.2,2011-11-01
3.3,2011-11-02
3.2,2011-11-03
3.1,2011-11-04
3.0,2011-11-05
3.0,2011-11-06
3.0,2011-11-07
3.0,2011-11-08
3.0,2011-11-09
2.8,2011-11-10
3.1,2011-11-11
3.0,2011-11-12
3.0,2011-11-13
2.2,2011-11-14
2.3,2011-11-15
2.6,2011-11-16
2.3,2011-11-17
2.0,2011-11-18
2.2,2011-11-19
2.2,2011-11-20
2.3,2011-11-21
2.3,2011-11-22
2.3,2011-11-23
2.4,2011-11-24
2.5,2011-11-25
2.5,2011-11-26
2.5,2011-11-27
2.5,2011-11-28
2.8,2011-11-29
3.0,2011-11-30
3.1,2011-12-01
3.1,2011-12-02
2.8,2011-12-03
2.8,2011-12-04
2.9,2011-12-05
3.0,2011-12-06
3.0,2011-12-07
3.0,2011-12-08
3.0,2011-12-09
3.0,2011-12-10
3.3,2011-12-11
3.1,2011-12-12
3.3,2011-12-13
3.2,2011-12-14
3.2,2011-12-15
3.2,2011-12-16
3.2,2011-12-17
3.2,2011-12-18
3.5,2011-12-19
4.0,2011-12-20
3.9,2011-12-21
3.9,2011-12-22
4.0,2011-12-23
3.9,2011-12-24
4.2,2011-12-25
4.0,2011-12-26
4.1,2011-12-27
4.2,2011-12-28
4.2,2011-12-29
4.3,2011-12-30
4.7,2011-12-31
5.3,2012-01-01
5.2,2012-01-02
4.9,2012-01-03
5.6,2012-01-04
6.9,2012-01-05
6.7,2012-01-06
6.8,2012-01-07
7.1,2012-01-08
6.3,2012-01-09
6.4,2012-01-10
6.9,2012-01-11
6.8,2012-01-12
6.4,2012-01-13
6.8,2012-01-14
7.0,2012-01-15
6.7,2012-01-16
5.6,2012-01-17
5.9,2012-01-18
6.4,2012-01-19
6.5,2012-01-20
6.2,2012-01-21
6.3,2012-01-22
6.4,2012-01-23
6.3,2012-01-24
5.8,2012-01-25
5.3,2012-01-26
5.3,2012-01-27
5.6,2012-01-28
5.4,2012-01-29
5.5,2012-01-30
5.5,2012-01-31
6.1,2012-02-01
6.1,2012-02-02
6.0,2012-02-03
5.9,2012-02-04
5.7,2012-02-05
5.4,2012-02-06
5.7,2012-02-07
5.6,2012-02-08
5.8,2012-02-09
5.9,2012-02-10
5.6,2012-02-11
5.5,2012-02-12
5.3,2012-02-13
4.5,2012-02-14
4.3,2012-02-15
4.3,2012-02-16
4.4,2012-02-17
4.2,2012-02-18
4.4,2012-02-19
4.4,2012-02-20
4.3,2012-02-21
4.4,2012-02-22
5.0,2012-02-23
5.0,2012-02-24
4.8,2012-02-25
4.9,2012-02-26
5.0,2012-02-27
4.9,2012-02-28
4.9,2012-02-29
4.9,2012-03-01
4.7,2012-03-02
4.6,2012-03-03
4.8,2012-03-04
5.0,2012-03-05
5.0,2012-03-06
4.9,2012-03-07
4.9,2012-03-08
4.9,2012-03-09
4.8,2012-03-10
4.9,2012-03-11
4.9,2012-03-12
5.3,2012-03-13
5.4,2012-03-14
5.3,2012-03-15
5.3,2012-03-16
5.2,2012-03-17
5.3,2012-03-18
4.7,2012-03-19
4.8,2012-03-20
4.8,2012-03-21
4.7,2012-03-22
4.7,2012-03-23
4.7,2012-03-24
4.6,2012-03-25
4.6,2012-03-26
4.8,2012-03-27
4.8,2012-03-28
4.8,2012-03-29
4.9,2012-03-30
4.9,2012-03-31
4.8,2012-04-01
5.0,2012-04-02
4.9,2012-04-03
4.9,2012-04-04
4.9,2012-04-05
4.9,2012-04-06
4.7,2012-04-07
4.8,2012-04-08
4.9,2012-04-09
4.8,2012-04-10
4.9,2012-04-11
4.9,2012-04-12
4.9,2012-04-13
5.0,2012-04-14
5.0,2012-04-15
4.9,2012-04-16
5.0,2012-04-17
5.1,2012-04-18
5.1,2012-04-19
5.3,2012-04-20
5.3,2012-04-21
5.2,2012-04-22
5.0,2012-04-23
5.1,2012-04-24
5.1,2012-04-25
5.1,2012-04-26
5.1,2012-04-27
5.0,2012-04-28
4.9,2012-04-29
4.9,2012-04-30
5.0,2012-05-01
5.1,2012-05-02
5.1,2012-05-03
5.1,2012-05-04
5.1,2012-05-05
5.1,2012-05-06
5.1,2012-05-07
5.1,2012-05-08
5.0,2012-05-09
4.8,2012-05-10
5.0,2012-05-11
4.9,2012-05-12
4.9,2012-05-13
5.0,2012-05-14
5.0,2012-05-15
5.1,2012-05-16
5.1,2012-05-17
5.1,2012-05-18
5.1,2012-05-19
5.1,2012-05-20
5.1,2012-05-21
5.1,2012-05-22
5.1,2012-05-23
5.1,2012-05-24
5.2,2012-05-25
5.1,2012-05-26
5.1,2012-05-27
5.1,2012-05-28
5.2,2012-05-29
5.1,2012-05-30
5.2,2012-05-31
5.3,2012-06-01
5.3,2012-06-02
5.2,2012-06-03
5.3,2012-06-04
5.4,2012-06-05
5.5,2012-06-06
5.6,2012-06-07
5.6,2012-06-08
5.6,2012-06-09
5.5,2012-06-10
5.6,2012-06-11
5.7,2012-06-12
5.9,2012-06-13
5.9,2012-06-14
6.5,2012-06-15
6.4,2012-06-16
6.2,2012-06-17
6.3,2012-06-18
6.5,2012-06-19
6.7,2012-06-20
6.7,2012-06-21
6.6,2012-06-22
6.4,2012-06-23
6.3,2012-06-24
6.3,2012-06-25
6.4,2012-06-26
6.7,2012-06-27
6.6,2012-06-28
6.7,2012-06-29
6.7,2012-06-30
6.6,2012-07-01
6.8,2012-07-02
6.4,2012-07-03
6.5,2012-07-04
6.7,2012-07-05
6.7,2012-07-06
6.8,2012-07-07
6.8,2012-07-08
7.0,2012-07-09
7.2,2012-07-10
7.2,2012-07-11
7.8,2012-07-12
7.7,2012-07-13
7.5,2012-07-14
7.6,2012-07-15
8.5,2012-07-16
8.8,2012-07-17
9.1,2012-07-18
8.9,2012-07-19
8.5,2012-07-20
8.9,2012-07-21
8.4,2012-07-22
8.4,2012-07-23
8.6,2012-07-24
8.8,2012-07-25
8.9,2012-07-26
8.9,2012-07-27
8.9,2012-07-28
8.7,2012-07-29
9.1,2012-07-30
9.4,2012-07-31
9.6,2012-08-01
10.5,2012-08-02
11.0,2012-08-03
11.0,2012-08-04
10.9,2012-08-05
10.9,2012-08-06
11.1,2012-08-07
11.1,2012-08-08
11.1,2012-08-09
11.4,2012-08-10
11.5,2012-08-11
11.6,2012-08-12
12.0,2012-08-13
12.2,2012-08-14
13.3,2012-08-15
13.5,2012-08-16
11.6,2012-08-17
11.6,2012-08-18
8.0,2012-08-19
10.1,2012-08-20
9.9,2012-08-21
9.8,2012-08-22
10.1,2012-08-23
10.6,2012-08-24
10.5,2012-08-25
10.6,2012-08-26
10.9,2012-08-27
10.9,2012-08-28
10.9,2012-08-29
10.8,2012-08-30
10.2,2012-08-31
10.0,2012-09-01
10.2,2012-09-02
10.5,2012-09-03
10.4,2012-09-04
11.0,2012-09-05
11.2,2012-09-06
11.0,2012-09-07
11.0,2012-09-08
11.0,2012-09-09
11.2,2012-09-10
11.3,2012-09-11
11.4,2012-09-12
11.4,2012-09-13
11.7,2012-09-14
11.8,2012-09-15
11.9,2012-09-16
11.9,2012-09-17
12.3,2012-09-18
12.6,2012-09-19
12.3,2012-09-20
12.4,2012-09-21
12.2,2012-09-22
12.2,2012-09-23
12.1,2012-09-24
12.2,2012-09-25
12.3,2012-09-26
12.3,2012-09-27
12.4,2012-09-28
12.4,2012-09-29
12.4,2012-09-30
12.4,2012-10-01
12.8,2012-10-02
12.9,2012-10-03
12.9,2012-10-04
12.7,2012-10-05
12.5,2012-10-06
11.8,2012-10-07
11.8,2012-10-08
11.9,2012-10-09
12.1,2012-10-10
12.0,2012-10-11
12.0,2012-10-12
11.9,2012-10-13
11.7,2012-10-14
11.8,2012-10-15
11.9,2012-10-16
11.8,2012-10-17
11.9,2012-10-18
11.7,2012-10-19
11.7,2012-10-20
11.6,2012-10-21
11.7,2012-10-22
11.6,2012-10-23
11.6,2012-10-24
10.9,2012-10-25
10.2,2012-10-26
10.3,2012-10-27
10.7,2012-10-28
10.6,2012-10-29
10.9,2012-10-30
11.2,2012-10-31
10.6,2012-11-01
10.5,2012-11-02
10.6,2012-11-03
10.8,2012-11-04
10.8,2012-11-05
10.9,2012-11-06
10.9,2012-11-07
10.9,2012-11-08
10.8,2012-11-09
10.9,2012-11-10
10.9,2012-11-11
11.0,2012-11-12
10.9,2012-11-13
10.9,2012-11-14
11.2,2012-11-15
11.8,2012-11-16
11.8,2012-11-17
11.6,2012-11-18
11.8,2012-11-19
11.7,2012-11-20
11.8,2012-11-21
12.4,2012-11-22
12.4,2012-11-23
12.4,2012-11-24
12.5,2012-11-25
12.3,2012-11-26
12.2,2012-11-27
12.4,2012-11-28
12.4,2012-11-29
12.6,2012-11-30
12.6,2012-12-01
12.5,2012-12-02
12.7,2012-12-03
13.4,2012-12-04
13.4,2012-12-05
13.3,2012-12-06
13.5,2012-12-07
13.4,2012-12-08
13.4,2012-12-09
13.4,2012-12-10
13.6,2012-12-11
13.7,2012-12-12
13.7,2012-12-13
13.6,2012-12-14
13.5,2012-12-15
13.3,2012-12-16
13.3,2012-12-17
13.3,2012-12-18
13.6,2012-12-19
13.5,2012-12-20
13.5,2012-12-21
13.4,2012-12-22
13.3,2012-12-23
13.4,2012-12-24
13.4,2012-12-25
13.5,2012-12-26
13.4,2012-12-27
13.4,2012-12-28
13.4,2012-12-29
13.4,2012-12-30
13.5,2012-12-31
13.3,2013-01-01
13.3,2013-01-02
13.4,2013-01-03
13.5,2013-01-04
13.4,2013-01-05
13.4,2013-01-06
13.6,2013-01-07
13.7,2013-01-08
13.8,2013-01-09
14.1,2013-01-10
14.1,2013-01-11
14.2,2013-01-12
14.1,2013-01-13
14.3,2013-01-14
14.3,2013-01-15
14.7,2013-01-16
15.5,2013-01-17
15.7,2013-01-18
15.6,2013-01-19
15.7,2013-01-20
16.8,2013-01-21
17.3,2013-01-22
17.5,2013-01-23
16.9,2013-01-24
17.4,2013-01-25
17.9,2013-01-26
17.8,2013-01-27
18.7,2013-01-28
19.5,2013-01-29
19.7,2013-01-30
20.4,2013-01-31
20.5,2013-02-01
19.6,2013-02-02
20.6,2013-02-03
20.4,2013-02-04
20.6,2013-02-05
21.2,2013-02-06
22.1,2013-02-07
22.7,2013-02-08
23.6,2013-02-09
24.0,2013-02-10
24.6,2013-02-11
25.2,2013-02-12
24.2,2013-02-13
27.2,2013-02-14
27.1,2013-02-15
27.2,2013-02-16
26.8,2013-02-17
27.0,2013-02-18
29.4,2013-02-19
29.6,2013-02-20
29.8,2013-02-21
30.3,2013-02-22
29.8,2013-02-23
29.9,2013-02-24
30.4,2013-02-25
31.1,2013-02-26
30.9,2013-02-27
33.4,2013-02-28
34.5,2013-03-01
34.3,2013-03-02
34.5,2013-03-03
36.2,2013-03-04
40.3,2013-03-05
41.0,2013-03-06
42.0,2013-03-07
44.2,2013-03-08
46.8,2013-03-09
46.0,2013-03-10
48.4,2013-03-11
44.3,2013-03-12
46.9,2013-03-13
47.2,2013-03-14
47.0,2013-03-15
47.0,2013-03-16
47.4,2013-03-17
51.6,2013-03-18
59.1,2013-03-19
64.5,2013-03-20
70.8,2013-03-21
69.9,2013-03-22
64.3,2013-03-23
71.5,2013-03-24
73.6,2013-03-25
78.5,2013-03-26
88.9,2013-03-27
86.2,2013-03-28
90.5,2013-03-29
92.2,2013-03-30
93.0,2013-03-31
104.0,2013-04-01
118.0,2013-04-02
135.0,2013-04-03
132.1,2013-04-04
142.3,2013-04-05
142.6,2013-04-06
162.3,2013-04-07
187.5,2013-04-08
230.0,2013-04-09
165.0,2013-04-10
124.9,2013-04-11
117.0,2013-04-12
93.0,2013-04-13
90.0,2013-04-14
82.4,2013-04-15
68.4,2013-04-16
93.1,2013-04-17
109.0,2013-04-18
118.5,2013-04-19
126.6,2013-04-20
119.2,2013-04-21
127.4,2013-04-22
143.5,2013-04-23
154.2,2013-04-24
141.7,2013-04-25
136.9,2013-04-26
128.0,2013-04-27
134.4,2013-04-28
144.0,2013-04-29
139.2,2013-04-30
116.4,2013-05-01
106.3,2013-05-02
98.1,2013-05-03
112.9,2013-05-04
116.0,2013-05-05
112.3,2013-05-06
109.6,2013-05-07
113.2,2013-05-08
112.8,2013-05-09
117.7,2013-05-10
115.6,2013-05-11
114.8,2013-05-12
118.0,2013-05-13
111.4,2013-05-14
114.2,2013-05-15
118.2,2013-05-16
123.5,2013-05-17
123.2,2013-05-18
122.5,2013-05-19
122.0,2013-05-20
122.9,2013-05-21
123.8,2013-05-22
126.3,2013-05-23
133.1,2013-05-24
132.0,2013-05-25
133.5,2013-05-26
129.8,2013-05-27
129.0,2013-05-28
132.3,2013-05-29
128.8,2013-05-30
128.8,2013-05-31
129.3,2013-06-01
122.5,2013-06-02
120.7,2013-06-03
121.4,2013-06-04
121.9,2013-06-05
119.0,2013-06-06
111.0,2013-06-07
107.9,2013-06-08
100.4,2013-06-09
106.3,2013-06-10
109.0,2013-06-11
108.8,2013-06-12
103.9,2013-06-13
100.0,2013-06-14
99.8,2013-06-15
99.9,2013-06-16
101.9,2013-06-17
107.3,2013-06-18
108.3,2013-06-19
111.3,2013-06-20
109.5,2013-06-21
108.2,2013-06-22
107.9,2013-06-23
102.1,2013-06-24
103.3,2013-06-25
104.0,2013-06-26
101.7,2013-06-27
94.7,2013-06-28
95.0,2013-06-29
97.5,2013-06-30
88.1,2013-07-01
90.4,2013-07-02
78.9,2013-07-03
80.0,2013-07-04
68.5,2013-07-05
69.7,2013-07-06
76.5,2013-07-07
76.0,2013-07-08
76.7,2013-07-09
88.0,2013-07-10
89.0,2013-07-11
94.0,2013-07-12
98.3,2013-07-13
94.4,2013-07-14
98.9,2013-07-15
97.1,2013-07-16
98.5,2013-07-17
90.1,2013-07-18
92.0,2013-07-19
89.8,2013-07-20
92.0,2013-07-21
91.6,2013-07-22
95.6,2013-07-23
95.1,2013-07-24
96.9,2013-07-25
96.0,2013-07-26
94.4,2013-07-27
98.8,2013-07-28
101.5,2013-07-29
108.0,2013-07-30
106.2,2013-07-31
104.0,2013-08-01
104.5,2013-08-02
104.9,2013-08-03
105.1,2013-08-04
106.7,2013-08-05
106.6,2013-08-06
106.0,2013-08-07
103.1,2013-08-08
102.8,2013-08-09
103.0,2013-08-10
105.0,2013-08-11
106.8,2013-08-12
109.6,2013-08-13
112.6,2013-08-14
110.0,2013-08-15
109.0,2013-08-16
112.8,2013-08-17
113.4,2013-08-18
118.5,2013-08-19
121.2,2013-08-20
123.3,2013-08-21
122.0,2013-08-22
118.5,2013-08-23
119.6,2013-08-24
122.1,2013-08-25
120.1,2013-08-26
131.3,2013-08-27
128.8,2013-08-28
129.3,2013-08-29
138.0,2013-08-30
141.0,2013-08-31
146.0,2013-09-01
144.0,2013-09-02
144.0,2013-09-03
132.5,2013-09-04
130.2,2013-09-05
121.9,2013-09-06
129.0,2013-09-07
126.3,2013-09-08
133.1,2013-09-09
132.6,2013-09-10
142.1,2013-09-11
139.4,2013-09-12
140.7,2013-09-13
136.7,2013-09-14
138.3,2013-09-15
139.4,2013-09-16
139.1,2013-09-17
140.4,2013-09-18
135.1,2013-09-19
133.8,2013-09-20
134.4,2013-09-21
134.0,2013-09-22
133.4,2013-09-23
134.8,2013-09-24
135.0,2013-09-25
137.1,2013-09-26
138.9,2013-09-27
142.5,2013-09-28
143.9,2013-09-29
141.9,2013-09-30
140.3,2013-10-01
123.0,2013-10-02
131.0,2013-10-03
136.8,2013-10-04
136.7,2013-10-05
137.8,2013-10-06
135.8,2013-10-07
136.5,2013-10-08
139.5,2013-10-09
140.4,2013-10-10
140.1,2013-10-11
142.9,2013-10-12
147.5,2013-10-13
151.4,2013-10-14
158.1,2013-10-15
152.8,2013-10-16
157.6,2013-10-17
168.3,2013-10-18
183.1,2013-10-19
186.1,2013-10-20
192.8,2013-10-21
203.0,2013-10-22
228.0,2013-10-23
207.0,2013-10-24
197.9,2013-10-25
188.6,2013-10-26
206.9,2013-10-27
206.9,2013-10-28
216.0,2013-10-29
208.0,2013-10-30
211.2,2013-10-31
213.4,2013-11-01
211.7,2013-11-02
224.0,2013-11-03
238.2,2013-11-04
251.3,2013-11-05
264.1,2013-11-06
309.6,2013-11-07
355.0,2013-11-08
367.8,2013-11-09
336.3,2013-11-10
363.0,2013-11-11
380.0,2013-11-12
434.9,2013-11-13
433.4,2013-11-14
433.9,2013-11-15
462.0,2013-11-16
528.3,2013-11-17
785.4,2013-11-18
645.7,2013-11-19
638.0,2013-11-20
764.9,2013-11-21
802.0,2013-11-22
832.5,2013-11-23
795.0,2013-11-24
830.0,2013-11-25
970.0,2013-11-26
1079.9,2013-11-27
1101.4,2013-11-28
1206.9,2013-11-29
1205.7,2013-11-30
1004.4,2013-12-01
1096.6,2013-12-02
1154.9,2013-12-03
1237.6,2013-12-04
1106.3,2013-12-05
845.0,2013-12-06
697.0,2013-12-07
804.0,2013-12-08
919.0,2013-12-09
1033.7,2013-12-10
919.9,2013-12-11
900.0,2013-12-12
936.8,2013-12-13
908.9,2013-12-14
919.9,2013-12-15
759.9,2013-12-16
715.0,2013-12-17
541.0,2013-12-18
732.0,2013-12-19
650.0,2013-12-20
640.5,2013-12-21
639.5,2013-12-22
713.2,2013-12-23
702.8,2013-12-24
707.3,2013-12-25
802.0,2013-12-26
803.0,2013-12-27
762.0,2013-12-28
785.0,2013-12-29
804.8,2013-12-30
805.9,2013-12-31
815.9,2014-01-01
856.9,2014-01-02
884.3,2014-01-03
924.7,2014-01-04
1014.7,2014-01-05
1012.7,2014-01-06
879.9,2014-01-07
938.8,2014-01-08
937.0,2014-01-09
957.8,2014-01-10
1005.3,2014-01-11
939.8,2014-01-12
922.9,2014-01-13
919.3,2014-01-14
941.2,2014-01-15
913.5,2014-01-16
894.2,2014-01-17
905.7,2014-01-18
954.8,2014-01-19
956.0,2014-01-20
962.2,2014-01-21
951.0,2014-01-22
944.2,2014-01-23
916.5,2014-01-24
961.0,2014-01-25
1007.0,2014-01-26
943.5,2014-01-27
932.7,2014-01-28
925.7,2014-01-29
941.4,2014-01-30
938.8,2014-01-31
940.4,2014-02-01
953.3,2014-02-02
931.7,2014-02-03
926.6,2014-02-04
904.5,2014-02-05
828.9,2014-02-06
695.7,2014-02-07
648.8,2014-02-08
659.6,2014-02-09
582.6,2014-02-10
579.0,2014-02-11
531.1,2014-02-12
451.4,2014-02-13
427.7,2014-02-14
371.1,2014-02-15
299.8,2014-02-16
272.3,2014-02-17
294.0,2014-02-18
261.5,2014-02-19
111.9,2014-02-20
111.6,2014-02-21
255.6,2014-02-22
310.2,2014-02-23
174.0,2014-02-24
135.8,2014-02-25
593.1,2014-02-26
596.5,2014-02-27
573.9,2014-02-28
557.4,2014-03-01
544.6,2014-03-02
662.2,2014-03-03
661.8,2014-03-04
658.3,2014-03-05
648.3,2014-03-06
616.7,2014-03-07
609.2,2014-03-08
627.0,2014-03-09
613.0,2014-03-10
608.7,2014-03-11
619.4,2014-03-12
625.0,2014-03-13
614.0,2014-03-14
624.0,2014-03-15
619.1,2014-03-16
606.4,2014-03-17
598.9,2014-03-18
595.0,2014-03-19
566.0,2014-03-20
549.6,2014-03-21
564.3,2014-03-22
551.2,2014-03-23
567.6,2014-03-24
562.9,2014-03-25
562.5,2014-03-26
460.5,2014-03-27
482.6,2014-03-28
477.1,2014-03-29
446.9,2014-03-30
444.7,2014-03-31
463.5,2014-04-01
424.4,2014-04-02
436.3,2014-04-03
444.4,2014-04-04
456.6,2014-04-05
455.7,2014-04-06
462.4,2014-04-07
466.6,2014-04-08
457.3,2014-04-09
384.6,2014-04-10
435.1,2014-04-11
437.6,2014-04-12
427.6,2014-04-13
478.4,2014-04-14
526.4,2014-04-15
537.0,2014-04-16
502.0,2014-04-17
485.5,2014-04-18
506.0,2014-04-19
498.5,2014-04-20
495.2,2014-04-21
487.9,2014-04-22
487.3,2014-04-23
500.3,2014-04-24
464.5,2014-04-25
457.9,2014-04-26
443.2,2014-04-27
441.9,2014-04-28
446.1,2014-04-29
445.6,2014-04-30
460.1,2014-05-01
453.7,2014-05-02
438.6,2014-05-03
436.0,2014-05-04
430.9,2014-05-05
432.2,2014-05-06
446.5,2014-05-07
441.1,2014-05-08
445.5,2014-05-09
451.9,2014-05-10
433.2,2014-05-11
438.2,2014-05-12
433.9,2014-05-13
442.6,2014-05-14
448.1,2014-05-15
453.6,2014-05-16
452.8,2014-05-17
450.1,2014-05-18
443.9,2014-05-19
484.6,2014-05-20
488.8,2014-05-21
515.4,2014-05-22
518.1,2014-05-23
520.5,2014-05-24
570.4,2014-05-25
582.0,2014-05-26
570.1,2014-05-27
570.8,2014-05-28
564.4,2014-05-29
612.3,2014-05-30
627.9,2014-05-31
649.8,2014-06-01
655.5,2014-06-02
669.4,2014-06-03
638.9,2014-06-04
660.2,2014-06-05
650.4,2014-06-06
651.7,2014-06-07
651.0,2014-06-08
644.3,2014-06-09
655.6,2014-06-10
643.0,2014-06-11
597.1,2014-06-12
610.3,2014-06-13
583.4,2014-06-14
582.3,2014-06-15
599.1,2014-06-16
605.1,2014-06-17
606.2,2014-06-18
600.2,2014-06-19
590.8,2014-06-20
597.0,2014-06-21
603.6,2014-06-22
591.2,2014-06-23
588.8,2014-06-24
568.5,2014-06-25
582.7,2014-06-26
602.2,2014-06-27
597.6,2014-06-28
601.1,2014-06-29
635.1,2014-06-30
643.2,2014-07-01
645.7,2014-07-02
638.0,2014-07-03
624.0,2014-07-04
623.0,2014-07-05
626.7,2014-07-06
613.6,2014-07-07
615.3,2014-07-08
623.0,2014-07-09
618.4,2014-07-10
632.9,2014-07-11
635.9,2014-07-12
628.0,2014-07-13
618.3,2014-07-14
619.6,2014-07-15
614.8,2014-07-16
626.6,2014-07-17
627.5,2014-07-18
627.0,2014-07-19
621.0,2014-07-20
625.1,2014-07-21
622.5,2014-07-22
621.7,2014-07-23
601.9,2014-07-24
600.5,2014-07-25
596.0,2014-07-26
595.0,2014-07-27
587.9,2014-07-28
585.8,2014-07-29
564.6,2014-07-30
589.5,2014-07-31
598.8,2014-08-01
591.7,2014-08-02
588.9,2014-08-03
592.8,2014-08-04
588.8,2014-08-05
589.8,2014-08-06
592.8,2014-08-07
595.8,2014-08-08
589.5,2014-08-09
592.1,2014-08-10
575.9,2014-08-11
567.7,2014-08-12
542.1,2014-08-13
504.8,2014-08-14
496.5,2014-08-15
522.0,2014-08-16
485.5,2014-08-17
462.2,2014-08-18
485.1,2014-08-19
516.8,2014-08-20
517.9,2014-08-21
516.1,2014-08-22
497.7,2014-08-23
509.7,2014-08-24
502.9,2014-08-25
512.6,2014-08-26
515.2,2014-08-27
510.8,2014-08-28
512.6,2014-08-29
506.0,2014-08-30
481.8,2014-08-31
477.2,2014-09-01
478.9,2014-09-02
480.0,2014-09-03
491.0,2014-09-04
483.6,2014-09-05
484.5,2014-09-06
485.8,2014-09-07
475.7,2014-09-08
474.9,2014-09-09
479.7,2014-09-10
478.5,2014-09-11
477.7,2014-09-12
478.2,2014-09-13
477.7,2014-09-14
477.7,2014-09-15
466.8,2014-09-16
461.1,2014-09-17
424.3,2014-09-18
397.7,2014-09-19
411.5,2014-09-20
401.6,2014-09-21
404.1,2014-09-22
436.9,2014-09-23
423.8,2014-09-24
412.3,2014-09-25
404.5,2014-09-26
399.0,2014-09-27
379.1,2014-09-28
376.8,2014-09-29
388.2,2014-09-30
382.8,2014-10-01
375.1,2014-10-02
363.5,2014-10-03
335.3,2014-10-04
322.9,2014-10-05
331.5,2014-10-06
331.6,2014-10-07
350.9,2014-10-08
360.9,2014-10-09
361.7,2014-10-10
361.2,2014-10-11
373.2,2014-10-12
387.3,2014-10-13
397.1,2014-10-14
393.2,2014-10-15
379.8,2014-10-16
380.5,2014-10-17
390.9,2014-10-18
387.3,2014-10-19
380.4,2014-10-20
382.4,2014-10-21
378.9,2014-10-22
355.8,2014-10-23
355.1,2014-10-24
346.7,2014-10-25
348.7,2014-10-26
350.1,2014-10-27
351.1,2014-10-28
335.1,2014-10-29
344.9,2014-10-30
337.9,2014-10-31
325.4,2014-11-01
322.5,2014-11-02
324.2,2014-11-03
328.0,2014-11-04
338.0,2014-11-05
347.7,2014-11-06
341.9,2014-11-07
343.5,2014-11-08
362.0,2014-11-09
367.1,2014-11-10
365.4,2014-11-11
432.0,2014-11-12
428.7,2014-11-13
396.5,2014-11-14
374.9,2014-11-15
385.6,2014-11-16
384.7,2014-11-17
379.2,2014-11-18
381.4,2014-11-19
357.3,2014-11-20
351.8,2014-11-21
352.0,2014-11-22
365.9,2014-11-23
378.9,2014-11-24
376.4,2014-11-25
365.4,2014-11-26
368.8,2014-11-27
377.6,2014-11-28
376.3,2014-11-29
374.9,2014-11-30
378.6,2014-12-01
380.6,2014-12-02
377.0,2014-12-03
369.8,2014-12-04
377.6,2014-12-05
376.3,2014-12-06
376.5,2014-12-07
365.0,2014-12-08
352.2,2014-12-09
347.9,2014-12-10
347.7,2014-12-11
353.4,2014-12-12
348.2,2014-12-13
349.4,2014-12-14
345.4,2014-12-15
330.2,2014-12-16
320.0,2014-12-17
310.3,2014-12-18
317.8,2014-12-19
330.4,2014-12-20
322.6,2014-12-21
330.8,2014-12-22
335.3,2014-12-23
322.4,2014-12-24
319.0,2014-12-25
330.0,2014-12-26
315.3,2014-12-27
316.5,2014-12-28
314.1,2014-12-29
311.3,2014-12-30
318.2,2014-12-31
314.9,2015-01-01
315.2,2015-01-02
287.1,2015-01-03
264.7,2015-01-04
274.8,2015-01-05
282.3,2015-01-06
291.3,2015-01-07
282.7,2015-01-08
288.0,2015-01-09
273.4,2015-01-10
264.8,2015-01-11
269.3,2015-01-12
221.3,2015-01-13
164.9,2015-01-14
209.8,2015-01-15
206.9,2015-01-16
199.6,2015-01-17
210.6,2015-01-18
215.9,2015-01-19
210.6,2015-01-20
228.2,2015-01-21
232.7,2015-01-22
232.2,2015-01-23
248.2,2015-01-24
252.1,2015-01-25
269.2,2015-01-26
263.3,2015-01-27
236.2,2015-01-28
234.0,2015-01-29
231.8,2015-01-30
218.5,2015-01-31
225.3,2015-02-01
238.9,2015-02-02
227.4,2015-02-03
226.6,2015-02-04
216.5,2015-02-05
223.0,2015-02-06
227.7,2015-02-07
223.7,2015-02-08
220.3,2015-02-09
219.7,2015-02-10
218.8,2015-02-11
221.8,2015-02-12
236.2,2015-02-13
258.6,2015-02-14
233.3,2015-02-15
235.8,2015-02-16
243.2,2015-02-17
235.2,2015-02-18
241.9,2015-02-19
244.5,2015-02-20
244.4,2015-02-21
235.7,2015-02-22
238.8,2015-02-23
238.9,2015-02-24
237.3,2015-02-25
236.5,2015-02-26
253.5,2015-02-27
254.1,2015-02-28
257.9,2015-03-01
273.8,2015-03-02
280.6,2015-03-03
271.9,2015-03-04
275.2,2015-03-05
272.6,2015-03-06
274.9,2015-03-07
274.5,2015-03-08
290.0,2015-03-09
291.4,2015-03-10
295.6,2015-03-11
293.9,2015-03-12
287.2,2015-03-13
281.6,2015-03-14
284.9,2015-03-15
290.59,2015-03-16
285.51,2015-03-17
256.3,2015-03-18
260.93,2015-03-19
261.75,2015-03-20
260.02,2015-03-21
267.96,2015-03-22
266.74,2015-03-23
245.6,2015-03-24
246.2,2015-03-25
248.53,2015-03-26
247.03,2015-03-27
252.8,2015-03-28
242.71,2015-03-29
247.53,2015-03-30
244.22,2015-03-31
247.27,2015-04-01
253.01,2015-04-02
254.32,2015-04-03
253.7,2015-04-04
260.6,2015-04-05
255.49,2015-04-06
253.18,2015-04-07
245.02,2015-04-08
243.68,2015-04-09
236.07,2015-04-10
236.55,2015-04-11
236.15,2015-04-12
224.59,2015-04-13
219.16,2015-04-14
223.83,2015-04-15
228.57,2015-04-16
222.88,2015-04-17
223.36,2015-04-18
222.6,2015-04-19
224.63,2015-04-20
235.27,2015-04-21
234.18,2015-04-22
236.46,2015-04-23
231.27,2015-04-24
226.39,2015-04-25
219.43,2015-04-26
229.29,2015-04-27
225.85,2015-04-28
225.81,2015-04-29
236.15,2015-04-30
232.08,2015-05-01
234.93,2015-05-02
240.36,2015-05-03
239.02,2015-05-04
236.12,2015-05-05
229.78,2015-05-06
237.33,2015-05-07
243.86,2015-05-08
241.83,2015-05-09
240.3,2015-05-10
242.16,2015-05-11
241.11,2015-05-12
236.38,2015-05-13
236.93,2015-05-14
237.6,2015-05-15
236.15,2015-05-16
236.8,2015-05-17
233.13,2015-05-18
231.95,2015-05-19
234.02,2015-05-20
235.34,2015-05-21
240.35,2015-05-22
238.87,2015-05-23
240.95,2015-05-24
237.11,2015-05-25
237.12,2015-05-26
237.28,2015-05-27
237.41,2015-05-28
237.1,2015-05-29
233.35,2015-05-30
230.19,2015-05-31
222.93,2015-06-01
225.8,2015-06-02
225.87,2015-06-03
224.32,2015-06-04
224.95,2015-06-05
225.62,2015-06-06
222.88,2015-06-07
228.49,2015-06-08
229.05,2015-06-09
228.8,2015-06-10
229.71,2015-06-11
229.98,2015-06-12
232.4,2015-06-13
233.54,2015-06-14
236.82,2015-06-15
250.9,2015-06-16
249.28,2015-06-17
249.01,2015-06-18
244.61,2015-06-19
245.21,2015-06-20
243.94,2015-06-21
246.99,2015-06-22
244.3,2015-06-23
240.51,2015-06-24
242.8,2015-06-25
243.59,2015-06-26
250.99,2015-06-27
249.01,2015-06-28
257.06,2015-06-29
263.07,2015-06-30
258.62,2015-07-01
255.41,2015-07-02
256.34,2015-07-03
260.89,2015-07-04
271.91,2015-07-05
269.03,2015-07-06
266.21,2015-07-07
270.79,2015-07-08
269.23,2015-07-09
284.89,2015-07-10
293.11,2015-07-11
310.87,2015-07-12
292.05,2015-07-13
287.46,2015-07-14
285.83,2015-07-15
278.09,2015-07-16
279.47,2015-07-17
274.9,2015-07-18
273.61,2015-07-19
278.98,2015-07-20
275.83,2015-07-21
277.22,2015-07-22
276.05,2015-07-23
288.28,2015-07-24
288.7,2015-07-25
292.69,2015-07-26
293.62,2015-07-27
294.43,2015-07-28
289.59,2015-07-29
287.72,2015-07-30
284.65,2015-07-31
281.6,2015-08-01
282.61,2015-08-02
281.23,2015-08-03
285.22,2015-08-04
281.88,2015-08-05
278.58,2015-08-06
279.58,2015-08-07
261.0,2015-08-08
265.08,2015-08-09
264.47,2015-08-10
270.39,2015-08-11
266.38,2015-08-12
264.08,2015-08-13
265.68,2015-08-14
261.55,2015-08-15
258.51,2015-08-16
257.98,2015-08-17
211.08,2015-08-18
226.68,2015-08-19
235.35,2015-08-20
232.57,2015-08-21
230.39,2015-08-22
228.17,2015-08-23
210.49,2015-08-24
221.61,2015-08-25
225.83,2015-08-26
224.77,2015-08-27
231.4,2015-08-28
229.78,2015-08-29
228.76,2015-08-30
230.06,2015-08-31
228.12,2015-09-01
229.28,2015-09-02
227.18,2015-09-03
230.3,2015-09-04
235.02,2015-09-05
239.84,2015-09-06
239.85,2015-09-07
243.61,2015-09-08
238.17,2015-09-09
238.48,2015-09-10
240.11,2015-09-11
235.23,2015-09-12
230.51,2015-09-13
230.64,2015-09-14
230.3,2015-09-15
229.09,2015-09-16
229.81,2015-09-17
232.98,2015-09-18
231.49,2015-09-19
231.21,2015-09-20
227.09,2015-09-21
230.62,2015-09-22
230.28,2015-09-23
234.53,2015-09-24
235.14,2015-09-25
234.34,2015-09-26
232.76,2015-09-27
239.14,2015-09-28
236.69,2015-09-29
236.06,2015-09-30
237.55,2015-10-01
237.29,2015-10-02
238.73,2015-10-03
238.26,2015-10-04
240.38,2015-10-05
246.06,2015-10-06
242.97,2015-10-07
242.3,2015-10-08
243.93,2015-10-09
244.94,2015-10-10
247.05,2015-10-11
245.31,2015-10-12
249.51,2015-10-13
251.99,2015-10-14
254.32,2015-10-15
262.87,2015-10-16
270.64,2015-10-17
261.64,2015-10-18
263.44,2015-10-19
269.46,2015-10-20
266.27,2015-10-21
274.02,2015-10-22
276.5,2015-10-23
281.65,2015-10-24
283.68,2015-10-25
285.3,2015-10-26
293.79,2015-10-27
304.62,2015-10-28
313.86,2015-10-29
328.02,2015-10-30
314.17,2015-10-31
325.43,2015-11-01
361.19,2015-11-02
403.42,2015-11-03
411.56,2015-11-04
386.35,2015-11-05
374.47,2015-11-06
386.48,2015-11-07
373.37,2015-11-08
380.26,2015-11-09
336.82,2015-11-10
311.08,2015-11-11
338.15,2015-11-12
336.75,2015-11-13
332.91,2015-11-14
320.17,2015-11-15
330.75,2015-11-16
335.09,2015-11-17
334.59,2015-11-18
326.15,2015-11-19
322.02,2015-11-20
326.93,2015-11-21
324.54,2015-11-22
323.05,2015-11-23
320.05,2015-11-24
328.21,2015-11-25
352.68,2015-11-26
358.04,2015-11-27
357.38,2015-11-28
371.29,2015-11-29
377.32,2015-11-30
362.49,2015-12-01
359.19,2015-12-02
361.05,2015-12-03
363.18,2015-12-04
388.95,2015-12-05
388.78,2015-12-06
395.54,2015-12-07
415.56,2015-12-08
417.56,2015-12-09
415.48,2015-12-10
451.94,2015-12-11
435.0,2015-12-12
433.76,2015-12-13
444.18,2015-12-14
465.32,2015-12-15
454.93,2015-12-16
456.08,2015-12-17
463.62,2015-12-18
462.32,2015-12-19
442.68,2015-12-20
438.64,2015-12-21
436.57,2015-12-22
442.4,2015-12-23
454.98,2015-12-24
455.65,2015-12-25
417.27,2015-12-26
422.82,2015-12-27
422.28,2015-12-28
432.98,2015-12-29
426.62,2015-12-30
430.57,2015-12-31
434.33,2016-01-01
433.44,2016-01-02
430.01,2016-01-03
433.09,2016-01-04
431.96,2016-01-05
429.11,2016-01-06
458.05,2016-01-07
453.23,2016-01-08
447.61,2016-01-09
447.99,2016-01-10
448.43,2016-01-11
435.69,2016-01-12
432.37,2016-01-13
430.31,2016-01-14
364.33,2016-01-15
387.54,2016-01-16
382.3,2016-01-17
387.17,2016-01-18
380.15,2016-01-19
420.23,2016-01-20
410.26,2016-01-21
382.49,2016-01-22
387.49,2016-01-23
402.97,2016-01-24
391.73,2016-01-25
392.15,2016-01-26
394.97,2016-01-27
380.29,2016-01-28
379.47,2016-01-29
378.26,2016-01-30
368.77,2016-01-31
373.06,2016-02-01
374.45,2016-02-02
369.95,2016-02-03
389.59,2016-02-04
386.55,2016-02-05
376.52,2016-02-06
376.62,2016-02-07
373.45,2016-02-08
376.03,2016-02-09
381.65,2016-02-10
379.65,2016-02-11
384.26,2016-02-12
391.86,2016-02-13
407.23,2016-02-14
400.18,2016-02-15
407.49,2016-02-16
416.32,2016-02-17
422.37,2016-02-18
420.79,2016-02-19
437.16,2016-02-20
438.8,2016-02-21
437.75,2016-02-22
420.74,2016-02-23
424.95,2016-02-24
424.54,2016-02-25
432.15,2016-02-26
432.52,2016-02-27
433.5,2016-02-28
437.7,2016-02-29
435.12,2016-03-01
423.99,2016-03-02
421.65,2016-03-03
410.94,2016-03-04
400.57,2016-03-05
407.71,2016-03-06
414.32,2016-03-07
413.97,2016-03-08
414.86,2016-03-09
417.13,2016-03-10
421.69,2016-03-11
411.62,2016-03-12
414.07,2016-03-13
416.44,2016-03-14
416.83,2016-03-15
417.01,2016-03-16
420.62,2016-03-17
409.55,2016-03-18
410.44,2016-03-19
413.76,2016-03-20
413.31,2016-03-21
418.09,2016-03-22
418.04,2016-03-23
416.39,2016-03-24
417.18,2016-03-25
417.95,2016-03-26
426.77,2016-03-27
424.23,2016-03-28
416.52,2016-03-29
414.82,2016-03-30
416.73,2016-03-31
417.96,2016-04-01
420.87,2016-04-02
420.9,2016-04-03
421.44,2016-04-04
424.03,2016-04-05
423.41,2016-04-06
422.74,2016-04-07
420.35,2016-04-08
419.41,2016-04-09
421.56,2016-04-10
422.48,2016-04-11
425.19,2016-04-12
423.73,2016-04-13
424.28,2016-04-14
429.71,2016-04-15
430.57,2016-04-16
427.4,2016-04-17
428.59,2016-04-18
435.51,2016-04-19
441.39,2016-04-20
449.42,2016-04-21
445.74,2016-04-22
450.28,2016-04-23
458.55,2016-04-24
461.43,2016-04-25
466.09,2016-04-26
444.69,2016-04-27
449.01,2016-04-28
455.1,2016-04-29
448.32,2016-04-30
451.88,2016-05-01
444.67,2016-05-02
450.3,2016-05-03
446.72,2016-05-04
447.98,2016-05-05
459.6,2016-05-06
458.54,2016-05-07
458.55,2016-05-08
460.48,2016-05-09
450.89,2016-05-10
452.73,2016-05-11
454.77,2016-05-12
455.67,2016-05-13
455.67,2016-05-14
457.57,2016-05-15
454.16,2016-05-16
453.78,2016-05-17
454.62,2016-05-18
438.71,2016-05-19
442.68,2016-05-20
443.19,2016-05-21
439.32,2016-05-22
444.15,2016-05-23
445.98,2016-05-24
449.6,2016-05-25
453.38,2016-05-26
473.46,2016-05-27
530.04,2016-05-28
526.23,2016-05-29
533.86,2016-05-30
531.39,2016-05-31
536.92,2016-06-01
537.97,2016-06-02
569.19,2016-06-03
572.73,2016-06-04
574.98,2016-06-05
585.54,2016-06-06
576.6,2016-06-07
581.65,2016-06-08
574.63,2016-06-09
577.47,2016-06-10
606.73,2016-06-11
672.78,2016-06-12
704.38,2016-06-13
685.56,2016-06-14
694.47,2016-06-15
766.31,2016-06-16
748.91,2016-06-17
756.23,2016-06-18
763.78,2016-06-19
737.23,2016-06-20
666.65,2016-06-21
596.12,2016-06-22
623.98,2016-06-23
665.3,2016-06-24
665.12,2016-06-25
629.37,2016-06-26
655.28,2016-06-27
647.0,2016-06-28
639.89,2016-06-29
673.34,2016-06-30
676.3,2016-07-01
703.7,2016-07-02
658.66,2016-07-03
683.66,2016-07-04
670.63,2016-07-05
677.33,2016-07-06
640.56,2016-07-07
666.52,2016-07-08
650.96,2016-07-09
649.36,2016-07-10
647.66,2016-07-11
664.55,2016-07-12
654.47,2016-07-13
658.08,2016-07-14
663.26,2016-07-15
660.77,2016-07-16
679.46,2016-07-17
673.11,2016-07-18
672.86,2016-07-19
665.68,2016-07-20
665.01,2016-07-21
650.62,2016-07-22
655.56,2016-07-23
661.28,2016-07-24
654.1,2016-07-25
651.78,2016-07-26
654.35,2016-07-27
655.03,2016-07-28
656.99,2016-07-29
655.05,2016-07-30
624.68,2016-07-31
606.27,2016-08-01
547.47,2016-08-02
566.35,2016-08-03
578.29,2016-08-04
575.04,2016-08-05
587.78,2016-08-06
592.69,2016-08-07
591.05,2016-08-08
587.8,2016-08-09
592.1,2016-08-10
589.12,2016-08-11
587.56,2016-08-12
585.59,2016-08-13
570.47,2016-08-14
567.24,2016-08-15
577.44,2016-08-16
573.22,2016-08-17
574.32,2016-08-18
575.63,2016-08-19
581.7,2016-08-20
581.31,2016-08-21
586.75,2016-08-22
583.41,2016-08-23
580.18,2016-08-24
577.76,2016-08-25
579.65,2016-08-26
569.95,2016-08-27
573.91,2016-08-28
574.11,2016-08-29
577.5,2016-08-30
575.47,2016-08-31
572.3,2016-09-01
575.54,2016-09-02
598.21,2016-09-03
608.63,2016-09-04
606.59,2016-09-05
610.44,2016-09-06
614.54,2016-09-07
626.32,2016-09-08
622.86,2016-09-09
623.51,2016-09-10
606.72,2016-09-11
608.24,2016-09-12
609.24,2016-09-13
610.68,2016-09-14
607.16,2016-09-15
606.97,2016-09-16
605.98,2016-09-17
609.87,2016-09-18
609.23,2016-09-19
608.31,2016-09-20
597.15,2016-09-21
596.3,2016-09-22
602.84,2016-09-23
602.63,2016-09-24
600.83,2016-09-25
608.04,2016-09-26
606.17,2016-09-27
604.73,2016-09-28
605.69,2016-09-29
609.73,2016-09-30
613.98,2016-10-01
610.89,2016-10-02
612.13,2016-10-03
610.2,2016-10-04
612.51,2016-10-05
613.02,2016-10-06
617.12,2016-10-07
619.11,2016-10-08
616.75,2016-10-09
618.99,2016-10-10
641.07,2016-10-11
636.19,2016-10-12
636.79,2016-10-13
640.38,2016-10-14
638.65,2016-10-15
641.63,2016-10-16
639.19,2016-10-17
637.96,2016-10-18
630.52,2016-10-19
630.86,2016-10-20
632.83,2016-10-21
657.29,2016-10-22
657.07,2016-10-23
653.76,2016-10-24
657.59,2016-10-25
678.3,2016-10-26
688.31,2016-10-27
689.65,2016-10-28
714.48,2016-10-29
701.86,2016-10-30
700.97,2016-10-31
729.79,2016-11-01
740.83,2016-11-02
688.7,2016-11-03
703.23,2016-11-04
703.42,2016-11-05
711.52,2016-11-06
703.13,2016-11-07
709.85,2016-11-08
723.27,2016-11-09
715.53,2016-11-10
716.41,2016-11-11
705.05,2016-11-12
702.03,2016-11-13
705.02,2016-11-14
711.62,2016-11-15
744.2,2016-11-16
740.98,2016-11-17
751.59,2016-11-18
751.62,2016-11-19
731.03,2016-11-20
739.25,2016-11-21
751.35,2016-11-22
744.59,2016-11-23
740.29,2016-11-24
741.65,2016-11-25
735.38,2016-11-26
732.03,2016-11-27
735.81,2016-11-28
735.6,2016-11-29
745.69,2016-11-30
756.77,2016-12-01
777.94,2016-12-02
771.16,2016-12-03
773.87,2016-12-04
758.7,2016-12-05
764.22,2016-12-06
768.13,2016-12-07
770.81,2016-12-08
772.79,2016-12-09
774.65,2016-12-10
769.73,2016-12-11
780.09,2016-12-12
780.56,2016-12-13
781.48,2016-12-14
778.09,2016-12-15
784.91,2016-12-16
790.83,2016-12-17
790.53,2016-12-18
792.71,2016-12-19
800.88,2016-12-20
834.28,2016-12-21
864.54,2016-12-22
921.98,2016-12-23
898.82,2016-12-24
896.18,2016-12-25
907.61,2016-12-26
933.2,2016-12-27
975.92,2016-12-28
973.5,2016-12-29
961.24,2016-12-30
963.74,2016-12-31
998.33,2017-01-01
1021.75,2017-01-02
1043.84,2017-01-03
1154.73,2017-01-04
1013.38,2017-01-05
902.2,2017-01-06
908.59,2017-01-07
911.2,2017-01-08
902.83,2017-01-09
907.68,2017-01-10
777.76,2017-01-11
804.83,2017-01-12
823.98,2017-01-13
818.41,2017-01-14
821.8,2017-01-15
831.53,2017-01-16
907.94,2017-01-17
886.62,2017-01-18
899.07,2017-01-19
895.03,2017-01-20
921.79,2017-01-21
924.67,2017-01-22
921.01,2017-01-23
892.69,2017-01-24
901.54,2017-01-25
917.59,2017-01-26
919.75,2017-01-27
921.59,2017-01-28
919.5,2017-01-29
920.38,2017-01-30
970.4,2017-01-31
989.02,2017-02-01
1011.8,2017-02-02
1029.91,2017-02-03
1042.9,2017-02-04
1027.34,2017-02-05
1038.15,2017-02-06
1061.35,2017-02-07
1063.07,2017-02-08
994.38,2017-02-09
988.67,2017-02-10
1004.45,2017-02-11
999.18,2017-02-12
990.64,2017-02-13
1004.55,2017-02-14
1007.48,2017-02-15
1027.44,2017-02-16
1046.21,2017-02-17
1054.42,2017-02-18
1047.87,2017-02-19
1079.98,2017-02-20
1115.3,2017-02-21
1117.44,2017-02-22
1166.72,2017-02-23
1173.68,2017-02-24
1143.84,2017-02-25
1165.2,2017-02-26
1179.97,2017-02-27
1179.97,2017-02-28
1222.5,2017-03-01
1251.01,2017-03-02
1274.99,2017-03-03
1255.15,2017-03-04
1267.12,2017-03-05
1272.83,2017-03-06
1223.54,2017-03-07
1150.0,2017-03-08
1188.49,2017-03-09
1116.72,2017-03-10
1175.83,2017-03-11
1221.38,2017-03-12
1231.92,2017-03-13
1240.0,2017-03-14
1249.61,2017-03-15
1187.81,2017-03-16
1100.23,2017-03-17
973.82,2017-03-18
1036.74,2017-03-19
1054.23,2017-03-20
1120.54,2017-03-21
1049.14,2017-03-22
1038.59,2017-03-23
937.52,2017-03-24
972.78,2017-03-25
966.72,2017-03-26
1045.77,2017-03-27
1047.15,2017-03-28
1039.97,2017-03-29
1026.43,2017-03-30
1071.79,2017-03-31
1080.5,2017-04-01
1102.17,2017-04-02
1143.81,2017-04-03
1133.25,2017-04-04
1124.78,2017-04-05
1182.68,2017-04-06
1176.9,2017-04-07
1175.95,2017-04-08
1187.87,2017-04-09
1187.13,2017-04-10
1205.01,2017-04-11
1200.37,2017-04-12
1169.28,2017-04-13
1167.54,2017-04-14
1172.52,2017-04-15
1182.94,2017-04-16
1193.91,2017-04-17
1211.67,2017-04-18
1210.29,2017-04-19
1229.08,2017-04-20
1222.05,2017-04-21
1231.71,2017-04-22
1207.21,2017-04-23
1250.15,2017-04-24
1265.49,2017-04-25
1281.08,2017-04-26
1317.73,2017-04-27
1316.48,2017-04-28
1321.79,2017-04-29
1347.89,2017-04-30
1421.6,2017-05-01
1452.82,2017-05-02
1490.09,2017-05-03
1537.67,2017-05-04
1555.45,2017-05-05
1578.8,2017-05-06
1596.71,2017-05-07
1723.35,2017-05-08
1755.36,2017-05-09
1787.13,2017-05-10
1848.57,2017-05-11
1724.24,2017-05-12
1804.91,2017-05-13
1808.91,2017-05-14
1738.43,2017-05-15
1734.45,2017-05-16
1839.09,2017-05-17
1888.65,2017-05-18
1987.71,2017-05-19
2084.73,2017-05-20
2041.2,2017-05-21
2173.4,2017-05-22
2320.42,2017-05-23
2443.64,2017-05-24
2304.98,2017-05-25
2202.42,2017-05-26
2038.87,2017-05-27
2155.8,2017-05-28
2255.61,2017-05-29
2175.47,2017-05-30
2286.41,2017-05-31
2407.88,2017-06-01
2488.55,2017-06-02
2515.35,2017-06-03
2511.81,2017-06-04
2686.81,2017-06-05
2863.2,2017-06-06
2732.16,2017-06-07
2805.62,2017-06-08
2823.81,2017-06-09
2947.71,2017-06-10
2958.11,2017-06-11
2659.63,2017-06-12
2717.02,2017-06-13
2506.37,2017-06-14
2464.58,2017-06-15
2518.56,2017-06-16
2655.88,2017-06-17
2548.29,2017-06-18
2589.6,2017-06-19
2721.79,2017-06-20
2689.1,2017-06-21
2705.41,2017-06-22
2744.91,2017-06-23
2608.72,2017-06-24
2589.41,2017-06-25
2478.45,2017-06-26
2552.45,2017-06-27
2574.79,2017-06-28
2539.32,2017-06-29
2480.84,2017-06-30
2434.55,2017-07-01
2506.47,2017-07-02
2564.06,2017-07-03
2601.64,2017-07-04
2601.99,2017-07-05
2608.56,2017-07-06
2518.66,2017-07-07
2571.34,2017-07-08
2518.44,2017-07-09
2372.56,2017-07-10
2337.79,2017-07-11
2398.84,2017-07-12
2357.9,2017-07-13
2233.34,2017-07-14
1998.86,2017-07-15
1929.82,2017-07-16
2228.41,2017-07-17
2318.88,2017-07-18
2273.43,2017-07-19
2817.6,2017-07-20
2667.76,2017-07-21
2810.12,2017-07-22
2730.4,2017-07-23
2754.86,2017-07-24
2576.48,2017-07-25
2529.45,2017-07-26
2671.78,2017-07-27
2809.01,2017-07-28
2726.45,2017-07-29
2757.18,2017-07-30
2875.34,2017-07-31
2718.26,2017-08-01
2710.67,2017-08-02
2804.73,2017-08-03
2895.89,2017-08-04
3252.91,2017-08-05
3213.94,2017-08-06
3378.94,2017-08-07
3419.94,2017-08-08
3342.47,2017-08-09
3381.28,2017-08-10
3650.62,2017-08-11
3884.71,2017-08-12
4073.26,2017-08-13
4325.13,2017-08-14
4181.93,2017-08-15
4376.63,2017-08-16
4331.69,2017-08-17
4160.62,2017-08-18
4193.7,2017-08-19
4087.66,2017-08-20
4001.74,2017-08-21
4100.52,2017-08-22
4151.52,2017-08-23
4334.68,2017-08-24
4371.6,2017-08-25
4352.4,2017-08-26
4382.88,2017-08-27
4382.66,2017-08-28
4579.02,2017-08-29
4565.3,2017-08-30
4703.39,2017-08-31
4892.01,2017-09-01
4578.77,2017-09-02
4582.96,2017-09-03
4236.31,2017-09-04
4376.53,2017-09-05
4597.12,2017-09-06
4599.88,2017-09-07
4228.75,2017-09-08
4226.06,2017-09-09
4122.94,2017-09-10
4161.27,2017-09-11
4130.81,2017-09-12
3882.59,2017-09-13
3154.95,2017-09-14
3637.52,2017-09-15
3625.04,2017-09-16
3582.88,2017-09-17
4065.2,2017-09-18
3924.97,2017-09-19
3905.95,2017-09-20
3631.04,2017-09-21
3630.7,2017-09-22
3792.4,2017-09-23
3682.84,2017-09-24
3926.07,2017-09-25
3892.35,2017-09-26
4200.67,2017-09-27
4174.73,2017-09-28
4163.07,2017-09-29
4338.71,2017-09-30
4403.74,2017-10-01
4409.32,2017-10-02
4317.48,2017-10-03
4229.36,2017-10-04
4328.41,2017-10-05
4370.81,2017-10-06
4426.89,2017-10-07
4610.48,2017-10-08
4772.02,2017-10-09
4781.99,2017-10-10
4826.48,2017-10-11
5446.91,2017-10-12
5647.21,2017-10-13
5831.79,2017-10-14
5678.19,2017-10-15
5725.59,2017-10-16
5605.51,2017-10-17
5590.69,2017-10-18
5708.52,2017-10-19
6011.45,2017-10-20
6031.6,2017-10-21
6008.42,2017-10-22
5930.32,2017-10-23
5526.64,2017-10-24
5750.8,2017-10-25
5904.83,2017-10-26
5780.9,2017-10-27
5753.09,2017-10-28
6153.85,2017-10-29
6130.53,2017-10-30
6468.4,2017-10-31
6767.31,2017-11-01
7078.5,2017-11-02
7207.76,2017-11-03
7379.95,2017-11-04
7407.41,2017-11-05
7022.76,2017-11-06
7144.38,2017-11-07
7459.69,2017-11-08
7143.58,2017-11-09
6618.14,2017-11-10
6357.6,2017-11-11
5950.07,2017-11-12
6559.49,2017-11-13
6635.75,2017-11-14
7315.54,2017-11-15
7871.69,2017-11-16
7708.99,2017-11-17
7790.15,2017-11-18
8036.49,2017-11-19
8200.64,2017-11-20
8071.26,2017-11-21
8253.55,2017-11-22
8038.77,2017-11-23
8253.69,2017-11-24
8790.92,2017-11-25
9330.55,2017-11-26
9818.35,2017-11-27
10058.8,2017-11-28
9888.61,2017-11-29
10233.6,2017-11-30
10975.6,2017-12-01
11074.6,2017-12-02
11323.2,2017-12-03
11657.2,2017-12-04
11916.7,2017-12-05
14291.5,2017-12-06
17899.7,2017-12-07
16569.4,2017-12-08
15178.2,2017-12-09
15455.4,2017-12-10
16936.8,2017-12-11
17415.4,2017-12-12
16408.2,2017-12-13
16564.0,2017-12-14
17706.9,2017-12-15
19497.4,2017-12-16
19140.8,2017-12-17
19114.2,2017-12-18
17776.7,2017-12-19
16624.6,2017-12-20
15802.9,2017-12-21
13831.8,2017-12-22
14699.2,2017-12-23
13925.8,2017-12-24
14026.6,2017-12-25
16099.8,2017-12-26
15838.5,2017-12-27
14606.5,2017-12-28
14656.2,2017-12-29
12952.2,2017-12-30
14156.4,2017-12-31
13657.2,2018-01-01
14982.1,2018-01-02
15201.0,2018-01-03
15599.2,2018-01-04
17429.5,2018-01-05
17527.0,2018-01-06
16477.6,2018-01-07
15170.1,2018-01-08
14595.4,2018-01-09
14973.3,2018-01-10
13405.8,2018-01-11
13980.6,2018-01-12
14360.2,2018-01-13
13772.0,2018-01-14
13819.8,2018-01-15
11490.5,2018-01-16
11188.6,2018-01-17
11474.9,2018-01-18
11607.4,2018-01-19
12899.2,2018-01-20
11600.1,2018-01-21
10931.4,2018-01-22
10868.4,2018-01-23
11359.4,2018-01-24
11259.4,2018-01-25
11171.4,2018-01-26
11440.7,2018-01-27
11786.3,2018-01-28
11296.4,2018-01-29
10106.3,2018-01-30
10221.1,2018-01-31
9170.54,2018-02-01
8830.75,2018-02-02
9174.91,2018-02-03
8277.01,2018-02-04
6955.27,2018-02-05
7754.0,2018-02-06
7621.3,2018-02-07
8265.59,2018-02-08
8736.98,2018-02-09
8621.9,2018-02-10
8129.97,2018-02-11
8926.57,2018-02-12
8598.31,2018-02-13
9494.63,2018-02-14
10166.4,2018-02-15
10233.9,2018-02-16
11112.7,2018-02-17
10551.8,2018-02-18
11225.3,2018-02-19
11403.7,2018-02-20
10690.4,2018-02-21
10005.0,2018-02-22
10301.1,2018-02-23
9813.07,2018-02-24
9664.73,2018-02-25
10366.7,2018-02-26
10725.6,2018-02-27
10397.9,2018-02-28
10951.0,2018-03-01
11086.4,2018-03-02
11489.7,2018-03-03
11512.6,2018-03-04
11573.3,2018-03-05
10779.9,2018-03-06
9965.57,2018-03-07
9395.01,2018-03-08
9337.55,2018-03-09
8866.0,2018-03-10
9578.63,2018-03-11
9205.12,2018-03-12
9194.85,2018-03-13
8269.81,2018-03-14
8300.86,2018-03-15
8338.35,2018-03-16
7916.88,2018-03-17
8223.68,2018-03-18
8630.65,2018-03-19
8913.47,2018-03-20
8929.28,2018-03-21
8728.47,2018-03-22
8879.62,2018-03-23
8668.12,2018-03-24
8495.78,2018-03-25
8209.4,2018-03-26
7833.04,2018-03-27
7954.48,2018-03-28
7165.7,2018-03-29
6890.52,2018-03-30
6973.53,2018-03-31
6844.23,2018-04-01
7083.8,2018-04-02
7456.11,2018-04-03
6853.84,2018-04-04
6811.47,2018-04-05
6636.32,2018-04-06
6911.09,2018-04-07
7023.52,2018-04-08
6770.73,2018-04-09
6834.76,2018-04-10
6968.32,2018-04-11
7889.25,2018-04-12
7895.96,2018-04-13
7986.24,2018-04-14
8329.11,2018-04-15
8058.67,2018-04-16
7902.09,2018-04-17
8163.42,2018-04-18
8294.31,2018-04-19
8845.83,2018-04-20
8895.58,2018-04-21
8802.46,2018-04-22
8930.88,2018-04-23
9697.5,2018-04-24
8845.74,2018-04-25
9281.51,2018-04-26
8987.05,2018-04-27
9348.48,2018-04-28
9419.08,2018-04-29
9240.55,2018-04-30
9119.01,2018-05-01
9235.92,2018-05-02
9743.86,2018-05-03
9700.76,2018-05-04
9858.15,2018-05-05
9654.8,2018-05-06
9373.01,2018-05-07
9234.82,2018-05-08
9325.18,2018-05-09
9043.94,2018-05-10
8441.49,2018-05-11
8504.89,2018-05-12
8723.94,2018-05-13
8716.79,2018-05-14
8510.38,2018-05-15
8368.83,2018-05-16
8094.32,2018-05-17
8250.97,2018-05-18
8247.18,2018-05-19
8513.25,2018-05-20
8418.99,2018-05-21
8041.78,2018-05-22
7557.82,2018-05-23
7587.34,2018-05-24
7480.14,2018-05-25
7355.88,2018-05-26
7368.22,2018-05-27
7135.99,2018-05-28
7472.59,2018-05-29
7406.52,2018-05-30
7494.17,2018-05-31
7541.45,2018-06-01
7643.45,2018-06-02
7720.25,2018-06-03
7514.47,2018-06-04
7633.76,2018-06-05
7653.98,2018-06-06
7678.24,2018-06-07
7624.92,2018-06-08
7531.98,2018-06-09
6786.02,2018-06-10
6906.92,2018-06-11
6582.36,2018-06-12
6349.9,2018-06-13
6675.35,2018-06-14
6456.58,2018-06-15
6550.16,2018-06-16
6499.27,2018-06-17
6734.82,2018-06-18
6769.94,2018-06-19
6776.55,2018-06-20
6729.74,2018-06-21
6083.69,2018-06-22
6162.48,2018-06-23
6173.23,2018-06-24
6249.18,2018-06-25
6093.67,2018-06-26
6157.13,2018-06-27
5903.44,2018-06-28
6218.3,2018-06-29
6404.0,2018-06-30
6385.82,2018-07-01
6614.18,2018-07-02
6529.59,2018-07-03
6597.55,2018-07-04
6639.14,2018-07-05
6673.5,2018-07-06
6856.93,2018-07-07
6773.88,2018-07-08
6741.75,2018-07-09
6329.95,2018-07-10
6394.71,2018-07-11
6228.81,2018-07-12
6238.05,2018-07-13
6276.12,2018-07-14
6359.64,2018-07-15
6741.75,2018-07-16
7321.04,2018-07-17
7370.78,2018-07-18
7466.86,2018-07-19
7354.13,2018-07-20
7419.29,2018-07-21
7418.49,2018-07-22
7711.11,2018-07-23
8424.27,2018-07-24
8181.39,2018-07-25
7951.58,2018-07-26
8165.01,2018-07-27
8192.15,2018-07-28
8218.46,2018-07-29
8180.48,2018-07-30
7780.44,2018-07-31
7624.91,2018-08-01
7567.15,2018-08-02
7434.39,2018-08-03
7032.85,2018-08-04
7068.48,2018-08-05
6951.8,2018-08-06
6753.12,2018-08-07
6305.8,2018-08-08
6568.23,2018-08-09
6184.71,2018-08-10
6295.73,2018-08-11
6322.69,2018-08-12
6297.57,2018-08-13
6199.71,2018-08-14
6308.52,2018-08-15
6334.73,2018-08-16
6580.63,2018-08-17
6423.76,2018-08-18
6506.07,2018-08-19
6308.53,2018-08-20
6488.76,2018-08-21
6376.71,2018-08-22
6534.88,2018-08-23
6719.96,2018-08-24
6763.19,2018-08-25
6707.26,2018-08-26
6884.64,2018-08-27
7096.28,2018-08-28
7047.16,2018-08-29
6978.23,2018-08-30
7037.58,2018-08-31
7193.25,2018-09-01
7272.72,2018-09-02
7260.06,2018-09-03
7361.66,2018-09-04
6792.83,2018-09-05
6529.17,2018-09-06
6467.07,2018-09-07
6225.98,2018-09-08
6300.86,2018-09-09
6329.7,2018-09-10
6321.2,2018-09-11
6351.8,2018-09-12
6517.31,2018-09-13
6512.71,2018-09-14
6543.2,2018-09-15
6517.18,2018-09-16
6281.2,2018-09-17
6371.3,2018-09-18
6398.54,2018-09-19
6519.67,2018-09-20
6734.95,2018-09-21
6721.98,2018-09-22
6710.63,2018-09-23
6595.41,2018-09-24
6446.47,2018-09-25
6495.0,2018-09-26
6676.75,2018-09-27
6644.13,2018-09-28
6601.96,2018-09-29
6625.56,2018-09-30
6589.62,2018-10-01
6556.1,2018-10-02
6502.59,2018-10-03
6576.69,2018-10-04
6622.48,2018-10-05
6588.31,2018-10-06
6602.95,2018-10-07
6652.23,2018-10-08
6642.64,2018-10-09
6585.53,2018-10-10
6256.24,2018-10-11
6274.58,2018-10-12
6285.99,2018-10-13
6290.93,2018-10-14
6596.54,2018-10-15
6596.11,2018-10-16
6544.43,2018-10-17
6476.71,2018-10-18
6465.41,2018-10-19
6489.19,2018-10-20
6482.35,2018-10-21
6487.16,2018-10-22
6475.74,2018-10-23
6495.84,2018-10-24
6476.29,2018-10-25
6474.75,2018-10-26
6480.38,2018-10-27
6486.39,2018-10-28
6332.63,2018-10-29
6334.27,2018-10-30
6317.61,2018-10-31
6377.78,2018-11-01
6388.44,2018-11-02
6361.26,2018-11-03
6376.13,2018-11-04
6419.66,2018-11-05
6461.01,2018-11-06
6530.14,2018-11-07
6453.72,2018-11-08
6385.62,2018-11-09
6409.22,2018-11-10
6411.27,2018-11-11
6371.27,2018-11-12
6359.49,2018-11-13
5738.35,2018-11-14
5648.03,2018-11-15
5575.55,2018-11-16
5554.33,2018-11-17
5623.54,2018-11-18
4871.49,2018-11-19
4451.87,2018-11-20
4602.17,2018-11-21
4365.94,2018-11-22
4347.11,2018-11-23
3880.76,2018-11-24
4009.97,2018-11-25
3779.13,2018-11-26
3820.72,2018-11-27
4257.42,2018-11-28
4278.85,2018-11-29
4017.27,2018-11-30
4214.67,2018-12-01
4139.88,2018-12-02
3894.13,2018-12-03
3956.89,2018-12-04
3753.99,2018-12-05
3521.1,2018-12-06
3419.94,2018-12-07
3476.11,2018-12-08
3614.23,2018-12-09
3502.66,2018-12-10
3424.59,2018-12-11
3486.95,2018-12-12
3313.68,2018-12-13
3242.48,2018-12-14
3236.76,2018-12-15
3252.84,2018-12-16
3545.86,2018-12-17
3696.06,2018-12-18
3745.95,2018-12-19
4134.44,2018-12-20
3896.54,2018-12-21
4014.18,2018-12-22
3998.98,2018-12-23
4078.6,2018-12-24
3815.49,2018-12-25
3857.3,2018-12-26
3654.83,2018-12-27
3923.92,2018-12-28
3820.41,2018-12-29
3865.95,2018-12-30
3742.7,2018-12-31
3843.52,2019-01-01
3943.41,2019-01-02
3836.74,2019-01-03
3857.72,2019-01-04
3845.19,2019-01-05
4076.63,2019-01-06
4025.25,2019-01-07
4030.85,2019-01-08
4035.3,2019-01-09
3678.92,2019-01-10
3687.37,2019-01-11
3661.3,2019-01-12
3552.95,2019-01-13
3706.05,2019-01-14
3630.68,2019-01-15
3655.01,2019-01-16
3678.56,2019-01-17
3657.84,2019-01-18
3728.57,2019-01-19
3601.01,2019-01-20
3576.03,2019-01-21
3604.58,2019-01-22
3585.12,2019-01-23
3600.87,2019-01-24
3599.77,2019-01-25
3602.46,2019-01-26
3583.97,2019-01-27
3470.45,2019-01-28
3448.12,2019-01-29
3486.18,2019-01-30
3457.79,2019-01-31
3487.95,2019-02-01
3521.06,2019-02-02
3464.01,2019-02-03
3459.15,2019-02-04
3466.36,2019-02-05
3413.77,2019-02-06
3399.47,2019-02-07
3666.78,2019-02-08
3671.2,2019-02-09
3690.19,2019-02-10
3648.43,2019-02-11
3653.53,2019-02-12
3632.07,2019-02-13
3616.88,2019-02-14
3620.81,2019-02-15
3629.79,2019-02-16
3673.84,2019-02-17
3915.71,2019-02-18
3947.09,2019-02-19
3999.82,2019-02-20
3954.12,2019-02-21
4005.53,2019-02-22
4142.53,2019-02-23
3810.43,2019-02-24
3882.7,2019-02-25
3854.36,2019-02-26
3851.05,2019-02-27
3854.79,2019-02-28
3859.58,2019-03-01
3864.42,2019-03-02
3847.18,2019-03-03
3761.56,2019-03-04
3896.38,2019-03-05
3903.94,2019-03-06
3911.48,2019-03-07
3901.13,2019-03-08
3963.31,2019-03-09
3951.6,2019-03-10
3905.23,2019-03-11
3909.16,2019-03-12
3906.72,2019-03-13
3924.37,2019-03-14
3960.91,2019-03-15
4048.73,2019-03-16
4025.23,2019-03-17
4032.51,2019-03-18
4071.19,2019-03-19
4087.48,2019-03-20
4029.33,2019-03-21
4023.97,2019-03-22
4035.83,2019-03-23
4022.17,2019-03-24
3963.07,2019-03-25
3985.08,2019-03-26
4087.07,2019-03-27
4069.11,2019-03-28
4098.37,2019-03-29
4106.66,2019-03-30
4105.4,2019-03-31
4158.18,2019-04-01
4879.88,2019-04-02
4973.02,2019-04-03
4922.8,2019-04-04
5036.68,2019-04-05
5059.82,2019-04-06
5198.9,2019-04-07
5289.77,2019-04-08
5204.96,2019-04-09
5324.55,2019-04-10
5064.49,2019-04-11
5089.54,2019-04-12
5096.59,2019-04-13
5167.72,2019-04-14
5067.11,2019-04-15
5235.56,2019-04-16
5251.94,2019-04-17
5298.39,2019-04-18
5303.81,2019-04-19
5337.89,2019-04-20
5314.53,2019-04-21
5399.37,2019-04-22
5572.36,2019-04-23
5464.87,2019-04-24
5210.52,2019-04-25
5279.35,2019-04-26
5268.29,2019-04-27
5285.14,2019-04-28
5247.35,2019-04-29
5350.73,2019-04-30
5402.7,2019-05-01
5505.28,2019-05-02
5768.29,2019-05-03
5831.17,2019-05-04
5795.71,2019-05-05
5746.81,2019-05-06
5829.5,2019-05-07
5982.46,2019-05-08
6174.53,2019-05-09
6378.85,2019-05-10
7204.77,2019-05-11
6972.37,2019-05-12
7814.92,2019-05-13
7994.42,2019-05-14
8205.17,2019-05-15
7884.91,2019-05-16
7343.9,2019-05-17
7271.21,2019-05-18
8197.69,2019-05-19
7978.31,2019-05-20
7963.33,2019-05-21
7680.07,2019-05-22
7881.85,2019-05-23
7987.37,2019-05-24
8052.54,2019-05-25
8673.22,2019-05-26
8805.78,2019-05-27
8719.96,2019-05-28
8659.49,2019-05-29
8319.47,2019-05-30
8574.5,2019-05-31
8564.02,2019-06-01
8742.96,2019-06-02
8209.0,2019-06-03
7707.77,2019-06-04
7824.23,2019-06-05
7822.02,2019-06-06
8043.95,2019-06-07
7954.13,2019-06-08
7688.08,2019-06-09
8000.33,2019-06-10
7927.71,2019-06-11
8145.86,2019-06-12
8230.92,2019-06-13
8693.83,2019-06-14
8838.38,2019-06-15
8994.49,2019-06-16
9320.35,2019-06-17
9081.76,2019-06-18
9273.52,2019-06-19
9527.16,2019-06-20
10144.56,2019-06-21
10701.69,2019-06-22
10855.37,2019-06-23
11011.1,2019-06-24
11790.92,2019-06-25
13016.23,2019-06-26
11182.81,2019-06-27
12407.33,2019-06-28
11959.37,2019-06-29
10817.16,2019-06-30
10583.13,2019-07-01
10801.68,2019-07-02
11961.27,2019-07-03
11215.44,2019-07-04
10978.46,2019-07-05
11208.55,2019-07-06
11450.85,2019-07-07
12285.96,2019-07-08
12573.81,2019-07-09
12156.51,2019-07-10
11358.66,2019-07-11
11815.99,2019-07-12
11392.38,2019-07-13
10256.06,2019-07-14
10895.09,2019-07-15
9477.64,2019-07-16
9693.8,2019-07-17
10666.48,2019-07-18
10530.73,2019-07-19
10767.14,2019-07-20
10599.11,2019-07-21
10343.11,2019-07-22
9900.77,2019-07-23
9811.93,2019-07-24
9911.84,2019-07-25
9870.3,2019-07-26
9477.68,2019-07-27
9552.86,2019-07-28
9519.15,2019-07-29
9607.42,2019-07-30
10085.63,2019-07-31
10399.67,2019-08-01
10518.17,2019-08-02
10821.73,2019-08-03
10970.18,2019-08-04
11805.65,2019-08-05
11478.17,2019-08-06
11941.97,2019-08-07
11966.41,2019-08-08
11862.94,2019-08-09
11354.02,2019-08-10
11523.58,2019-08-11
11382.62,2019-08-12
10895.83,2019-08-13
10051.7,2019-08-14
10311.55,2019-08-15
10374.34,2019-08-16
10231.74,2019-08-17
10345.81,2019-08-18
10916.05,2019-08-19
10763.23,2019-08-20
10138.05,2019-08-21
10131.06,2019-08-22
10407.96,2019-08-23
10159.96,2019-08-24
10138.52,2019-08-25
10370.82,2019-08-26
10185.5,2019-08-27
9754.42,2019-08-28
9510.2,2019-08-29
9598.17,2019-08-30
9630.66,2019-08-31
9757.97,2019-09-01
10346.76,2019-09-02
10623.54,2019-09-03
10594.49,2019-09-04
10575.53,2019-09-05
10353.3,2019-09-06
10517.25,2019-09-07
10441.28,2019-09-08
10334.97,2019-09-09
10115.98,2019-09-10
10178.37,2019-09-11
10410.13,2019-09-12
10360.55,2019-09-13
10358.05,2019-09-14
10347.71,2019-09-15
10276.79,2019-09-16
10241.27,2019-09-17
10198.25,2019-09-18
10266.42,2019-09-19
10181.64,2019-09-20
10019.72,2019-09-21
10070.39,2019-09-22
9729.32,2019-09-23
8620.57,2019-09-24
8486.99,2019-09-25
8118.97,2019-09-26
8251.85,2019-09-27
8245.92,2019-09-28
8104.19,2019-09-29
8293.87,2019-09-30
8343.28,2019-10-01
8393.04,2019-10-02
8259.99,2019-10-03
8205.94,2019-10-04
8151.5,2019-10-05
7988.16,2019-10-06
8245.62,2019-10-07
8228.78,2019-10-08
8595.74,2019-10-09
8586.47,2019-10-10
8321.76,2019-10-11
8336.56,2019-10-12
8321.01,2019-10-13
8374.69,2019-10-14
8205.37,2019-10-15
8047.53,2019-10-16
8103.91,2019-10-17
7973.21,2019-10-18
7988.56,2019-10-19
8222.08,2019-10-20
8243.72,2019-10-21
8078.2,2019-10-22
7514.67,2019-10-23
7493.49,2019-10-24
8660.7,2019-10-25
9244.97,2019-10-26
9551.71,2019-10-27
9256.15,2019-10-28
9427.69,2019-10-29
9205.73,2019-10-30
9199.58,2019-10-31
9261.1,2019-11-01
9324.72,2019-11-02
9235.35,2019-11-03
9412.61,2019-11-04
9342.53,2019-11-05
9360.88,2019-11-06
9267.56,2019-11-07
8804.88,2019-11-08
8813.58,2019-11-09
9055.53,2019-11-10
8757.79,2019-11-11
8815.66,2019-11-12
8808.26,2019-11-13
8708.09,2019-11-14
8491.99,2019-11-15
8550.76,2019-11-16
8577.98,2019-11-17
8309.29,2019-11-18
8206.15,2019-11-19
8027.27,2019-11-20
7642.75,2019-11-21
7296.58,2019-11-22
7397.8,2019-11-23
7047.92,2019-11-24
7146.13,2019-11-25
7218.37,2019-11-26
7531.66,2019-11-27
7463.11,2019-11-28
7761.24,2019-11-29
7569.63,2019-11-30
7424.29,2019-12-01
7321.99,2019-12-02
7320.15,2019-12-03
7252.03,2019-12-04
7448.31,2019-12-05
7547.0,2019-12-06
7556.24,2019-12-07
7564.35,2019-12-08
7400.9,2019-12-09
7278.12,2019-12-10
7217.43,2019-12-11
7243.13,2019-12-12
7269.68,2019-12-13
7124.67,2019-12-14
7152.3,2019-12-15
6932.48,2019-12-16
6640.52,2019-12-17
7276.8,2019-12-18
7202.84,2019-12-19
7218.82,2019-12-20
7191.16,2019-12-21
7511.59,2019-12-22
7355.63,2019-12-23
7322.53,2019-12-24
7275.16,2019-12-25
7238.97,2019-12-26
7290.09,2019-12-27
7317.99,2019-12-28
7422.65,2019-12-29
7293.0,2019-12-30
7193.6,2019-12-31
7200.17,2020-01-01
6985.47,2020-01-02
7344.88,2020-01-03
7410.66,2020-01-04
7411.32,2020-01-05
7769.22,2020-01-06
8163.69,2020-01-07
8079.86,2020-01-08
7879.07,2020-01-09
8166.55,2020-01-10
8037.54,2020-01-11
8192.49,2020-01-12
8144.19,2020-01-13
8827.76,2020-01-14
8807.01,2020-01-15
8723.79,2020-01-16
8929.04,2020-01-17
8942.81,2020-01-18
8706.25,2020-01-19
8657.64,2020-01-20
8745.89,2020-01-21
8680.88,2020-01-22
8406.52,2020-01-23
8445.43,2020-01-24
8367.85,2020-01-25
8596.83,2020-01-26
8909.82,2020-01-27
9358.59,2020-01-28
9316.63,2020-01-29
9508.99,2020-01-30
9350.53,2020-01-31
9392.88,2020-02-01
9344.37,2020-02-02
9293.52,2020-02-03
9180.96,2020-02-04
9613.42,2020-02-05
9729.8,2020-02-06
9795.94,2020-02-07
9865.12,2020-02-08
10116.67,2020-02-09
9856.61,2020-02-10
10208.24,2020-02-11
10326.05,2020-02-12
10214.38,2020-02-13
10312.12,2020-02-14
9889.42,2020-02-15
9934.43,2020-02-16
9690.14,2020-02-17
10142.0,2020-02-18
9633.39,2020-02-19
9608.48,2020-02-20
9686.44,2020-02-21
9663.18,2020-02-22
9924.52,2020-02-23
9650.17,2020-02-24
9341.71,2020-02-25
8820.52,2020-02-26
8784.49,2020-02-27
8672.46,2020-02-28
8599.51,2020-02-29
8562.45,2020-03-01
8869.67,2020-03-02
8787.79,2020-03-03
8755.25,2020-03-04
9078.76,2020-03-05
9122.55,2020-03-06
8909.95,2020-03-07
8108.12,2020-03-08
7923.64,2020-03-09
7909.73,2020-03-10
7911.43,2020-03-11
4970.79,2020-03-12
5563.71,2020-03-13
5200.37,2020-03-14
5392.31,2020-03-15
5014.48,2020-03-16
5225.63,2020-03-17
5238.44,2020-03-18
6191.19,2020-03-19
6198.78,2020-03-20
6185.07,2020-03-21
5830.25,2020-03-22
6416.31,2020-03-23
6734.8,2020-03-24
6681.06,2020-03-25
6716.44,2020-03-26
6469.8,2020-03-27
6242.19,2020-03-28
5922.04,2020-03-29
6429.84,2020-03-30
6438.64,2020-03-31
6606.78,2020-04-01
6793.62,2020-04-02
6733.39,2020-04-03
6867.53,2020-04-04
6791.13,2020-04-05
7271.78,2020-04-06
7176.41,2020-04-07
7334.1,2020-04-08
7302.09,2020-04-09
6865.49,2020-04-10
6859.08,2020-04-11
6971.09,2020-04-12
6845.04,2020-04-13
6842.43,2020-04-14
6642.11,2020-04-15
7116.8,2020-04-16
7096.18,2020-04-17
7257.67,2020-04-18
7189.42,2020-04-19
6881.96,2020-04-20
6880.32,2020-04-21
7117.21,2020-04-22
7429.72,2020-04-23
7550.9,2020-04-24
7569.94,2020-04-25
7679.87,2020-04-26
7795.6,2020-04-27
7807.06,2020-04-28
8801.04,2020-04-29
8658.55,2020-04-30
8864.77,2020-05-01
8988.6,2020-05-02
8897.47,2020-05-03
8912.65,2020-05-04
9003.07,2020-05-05
9268.76,2020-05-06
9951.52,2020-05-07
9842.67,2020-05-08
9593.9,2020-05-09
8756.43,2020-05-10
8601.8,2020-05-11
8804.48,2020-05-12
9269.99,2020-05-13
9733.72,2020-05-14
9328.2,2020-05-15
9377.01,2020-05-16
9670.74,2020-05-17
9726.58,2020-05-18
9729.04,2020-05-19
9522.98,2020-05-20
9081.76,2020-05-21
9182.58,2020-05-22
9209.29,2020-05-23
8790.37,2020-05-24
8906.93,2020-05-25
8835.05,2020-05-26
9181.02,2020-05-27
9525.75,2020-05-28
9439.12,2020-05-29
9700.41,2020-05-30
9461.06,2020-05-31
10167.27,2020-06-01
9529.8,2020-06-02
9656.72,2020-06-03
9800.64,2020-06-04
9665.53,2020-06-05
9653.68,2020-06-06
9758.85,2020-06-07
9771.49,2020-06-08
9795.7,2020-06-09
9870.09,2020-06-10
9321.78,2020-06-11
9480.84,2020-06-12
9475.28,2020-06-13
9386.79,2020-06-14
9450.7,2020-06-15
9538.02,2020-06-16
9480.25,2020-06-17
9411.84,2020-06-18
9288.02,2020-06-19
9332.34,2020-06-20
9303.63,2020-06-21
9648.72,2020-06-22
9629.66,2020-06-23
9313.61,2020-06-24
9264.81,2020-06-25
9162.92,2020-06-26
9045.39,2020-06-27
9143.58,2020-06-28
9190.85,2020-06-29
9137.99,2020-06-30
9228.33,2020-07-01
9123.41,2020-07-02
9087.3,2020-07-03
9132.49,2020-07-04
9073.94,2020-07-05
9375.47,2020-07-06
9252.28,2020-07-07
9428.33,2020-07-08
9277.97,2020-07-09
9278.81,2020-07-10
9240.35,2020-07-11
9276.5,2020-07-12
9243.61,2020-07-13
9243.21,2020-07-14
9192.84,2020-07-15
9132.23,2020-07-16
9151.39,2020-07-17
9159.04,2020-07-18
9185.82,2020-07-19
9164.23,2020-07-20
9374.89,2020-07-21
9525.36,2020-07-22
9581.07,2020-07-23
9536.89,2020-07-24
9677.11,2020-07-25
9905.17,2020-07-26
10990.87,2020-07-27
10912.82,2020-07-28
11100.47,2020-07-29
11111.21,2020-07-30
11323.47,2020-07-31
11759.59,2020-08-01
11053.61,2020-08-02
11246.35,2020-08-03
11205.89,2020-08-04
11747.02,2020-08-05
11779.77,2020-08-06
11601.47,2020-08-07
11754.05,2020-08-08
11675.74,2020-08-09
11878.11,2020-08-10
11410.53,2020-08-11
11584.93,2020-08-12
11784.14,2020-08-13
11768.87,2020-08-14
11865.7,2020-08-15
11892.8,2020-08-16
12254.4,2020-08-17
11991.23,2020-08-18
11758.28,2020-08-19
11878.37,2020-08-20
11592.49,2020-08-21
11681.83,2020-08-22
11664.85,2020-08-23
11774.6,2020-08-24
11366.13,2020-08-25
11488.36,2020-08-26
11323.4,2020-08-27
11542.5,2020-08-28
11506.87,2020-08-29
11711.51,2020-08-30
11680.82,2020-08-31
11970.48,2020-09-01
11414.03,2020-09-02
10245.3,2020-09-03
10511.81,2020-09-04
10169.57,2020-09-05
10280.35,2020-09-06
10369.56,2020-09-07
10131.52,2020-09-08
10242.35,2020-09-09
10363.14,2020-09-10
10400.92,2020-09-11
10442.17,2020-09-12
10323.76,2020-09-13
10680.84,2020-09-14
10796.95,2020-09-15
10974.91,2020-09-16
10948.99,2020-09-17
10944.59,2020-09-18
11094.35,2020-09-19
10938.27,2020-09-20
10462.26,2020-09-21
10538.46,2020-09-22
10246.19,2020-09-23
10760.07,2020-09-24
10692.72,2020-09-25
10750.72,2020-09-26
10775.27,2020-09-27
10709.65,2020-09-28
10844.64,2020-09-29
10784.49,2020-09-30
10619.45,2020-10-01
10575.97,2020-10-02
10549.33,2020-10-03
10669.58,2020-10-04
10793.34,2020-10-05
10604.41,2020-10-06
10668.97,2020-10-07
10915.69,2020-10-08
11064.46,2020-10-09
11296.36,2020-10-10
11384.18,2020-10-11
11555.36,2020-10-12
11425.9,2020-10-13
11429.51,2020-10-14
11495.35,2020-10-15
11322.12,2020-10-16
11358.1,2020-10-17
11483.36,2020-10-18
11742.04,2020-10-19
11916.33,2020-10-20
12823.69,2020-10-21
12965.89,2020-10-22
12931.54,2020-10-23
13108.06,2020-10-24
13031.17,2020-10-25
13075.25,2020-10-26
13654.22,2020-10-27
13271.29,2020-10-28
13437.88,2020-10-29
13546.52,2020-10-30
13781.0,2020-10-31
13737.11,2020-11-01
13550.49,2020-11-02
13950.3,2020-11-03
14133.71,2020-11-04
15579.85,2020-11-05
15565.88,2020-11-06
14833.75,2020-11-07
15479.57,2020-11-08
15332.32,2020-11-09
15290.9,2020-11-10
15701.34,2020-11-11
16276.34,2020-11-12
16317.81,2020-11-13
16068.14,2020-11-14
15955.59,2020-11-15
16716.11,2020-11-16
17645.41,2020-11-17
17804.01,2020-11-18
17817.09,2020-11-19
18621.31,2020-11-20
18642.23,2020-11-21
18370.0,2020-11-22
18364.12,2020-11-23
19107.46,2020-11-24
18732.12,2020-11-25
17150.62,2020-11-26
17108.4,2020-11-27
17717.41,2020-11-28
18177.48,2020-11-29
19625.84,2020-11-30
18803.0,2020-12-01
19201.09,2020-12-02
19445.4,2020-12-03
18699.77,2020-12-04
19154.23,2020-12-05
19345.12,2020-12-06
19191.63,2020-12-07
18321.14,2020-12-08
18553.92,2020-12-09
18264.99,2020-12-10
18058.9,2020-12-11
18803.66,2020-12-12
19142.38,2020-12-13
19246.64,2020-12-14
19417.08,2020-12-15
21310.6,2020-12-16
22805.16,2020-12-17
23137.96,2020-12-18
23869.83,2020-12-19
23477.29,2020-12-20
22803.08,2020-12-21
23783.03,2020-12-22
23241.35,2020-12-23
23735.95,2020-12-24
24664.79,2020-12-25
26437.04,2020-12-26
26272.29,2020-12-27
27084.81,2020-12-28
27362.44,2020-12-29
28840.95,2020-12-30
29001.72,2020-12-31
29374.15,2021-01-01
32127.27,2021-01-02
32782.02,2021-01-03
31971.91,2021-01-04
33992.43,2021-01-05
36824.36,2021-01-06
39371.04,2021-01-07
40797.61,2021-01-08
40254.55,2021-01-09
38356.44,2021-01-10
35566.66,2021-01-11
33922.96,2021-01-12
37316.36,2021-01-13
39187.33,2021-01-14
36825.37,2021-01-15
36178.14,2021-01-16
35791.28,2021-01-17
36630.07,2021-01-18
36069.8,2021-01-19
35547.75,2021-01-20
30825.7,2021-01-21
33005.76,2021-01-22
32067.64,2021-01-23
32289.38,2021-01-24
32366.39,2021-01-25
32569.85,2021-01-26
30432.55,2021-01-27
33466.1,2021-01-28
34316.39,2021-01-29
34269.52,2021-01-30
33114.36,2021-01-31
33537.18,2021-02-01
35510.29,2021-02-02
37472.09,2021-02-03
36926.07,2021-02-04
38144.31,2021-02-05
39266.01,2021-02-06
38903.44,2021-02-07
46196.46,2021-02-08
46481.11,2021-02-09
44918.18,2021-02-10
47909.33,2021-02-11
47504.85,2021-02-12
47105.52,2021-02-13
48717.29,2021-02-14
47945.06,2021-02-15
49199.87,2021-02-16
52149.01,2021-02-17
51679.8,2021-02-18
55888.13,2021-02-19
56099.52,2021-02-20
57539.95,2021-02-21
54207.32,2021-02-22
48824.43,2021-02-23
49705.33,2021-02-24
47093.85,2021-02-25
46339.76,2021-02-26
46188.45,2021-02-27
45137.77,2021-02-28
49631.24,2021-03-01
48378.99,2021-03-02
50538.24,2021-03-03
48561.17,2021-03-04
48927.3,2021-03-05
48912.38,2021-03-06
51206.69,2021-03-07
52246.52,2021-03-08
54824.12,2021-03-09
56008.55,2021-03-10
57805.12,2021-03-11
57332.09,2021-03-12
61243.09,2021-03-13
59302.32,2021-03-14
55907.2,2021-03-15
56804.9,2021-03-16
58870.89,2021-03-17
57858.92,2021-03-18
58346.65,2021-03-19
58313.64,2021-03-20
57523.42,2021-03-21
54529.14,2021-03-22
54738.95,2021-03-23
52774.27,2021-03-24
51704.16,2021-03-25
55137.31,2021-03-26
55973.51,2021-03-27
55950.75,2021-03-28
57750.2,2021-03-29
58917.69,2021-03-30
58918.83,2021-03-31
59095.81,2021-04-01
59384.31,2021-04-02
57603.89,2021-04-03
58758.55,2021-04-04
59057.88,2021-04-05
58192.36,2021-04-06
56048.94,2021-04-07
58323.95,2021-04-08
58245.0,2021-04-09
59793.23,2021-04-10
60204.96,2021-04-11
59893.45,2021-04-12
63503.46,2021-04-13
63109.7,2021-04-14
63314.01,2021-04-15
61572.79,2021-04-16
60683.82,2021-04-17
56216.18,2021-04-18
55724.27,2021-04-19
56473.03,2021-04-20
53906.09,2021-04-21
51762.27,2021-04-22
51093.65,2021-04-23
50050.87,2021-04-24
49004.25,2021-04-25
54021.75,2021-04-26
55033.12,2021-04-27
54824.7,2021-04-28
53555.11,2021-04-29
57750.18,2021-04-30
57828.05,2021-05-01
56631.08,2021-05-02
57200.29,2021-05-03
53333.54,2021-05-04
57424.01,2021-05-05
56396.52,2021-05-06
57356.4,2021-05-07
58803.78,2021-05-08
58232.32,2021-05-09
55859.8,2021-05-10
56704.57,2021-05-11
49150.54,2021-05-12
49716.19,2021-05-13
49880.54,2021-05-14
46760.19,2021-05-15
46456.06,2021-05-16
43537.51,2021-05-17
42909.4,2021-05-18
37002.44,2021-05-19
40782.74,2021-05-20
37304.69,2021-05-21
37536.63,2021-05-22
34770.58,2021-05-23
38705.98,2021-05-24
38402.22,2021-05-25
39294.2,2021-05-26
38436.97,2021-05-27
35697.61,2021-05-28
34616.07,2021-05-29
35678.13,2021-05-30
37332.86,2021-05-31
36684.93,2021-06-01
37575.18,2021-06-02
39208.77,2021-06-03
36894.41,2021-06-04
35551.96,2021-06-05
35862.38,2021-06-06
33560.71,2021-06-07
33472.63,2021-06-08
37345.12,2021-06-09
36702.6,2021-06-10
37334.4,2021-06-11
35552.52,2021-06-12
39097.86,2021-06-13
40218.48,2021-06-14
40406.27,2021-06-15
38347.06,2021-06-16
38053.5,2021-06-17
35787.25,2021-06-18
35615.87,2021-06-19
35698.3,2021-06-20
31676.69,2021-06-21
32505.66,2021-06-22
33723.03,2021-06-23
34662.44,2021-06-24
31637.78,2021-06-25
32186.28,2021-06-26
34649.64,2021-06-27
34434.34,2021-06-28
35867.78,2021-06-29
35040.84,2021-06-30
33572.12,2021-07-01
33897.05,2021-07-02
34668.55,2021-07-03
35287.78,2021-07-04
33746.0,2021-07-05
34235.2,2021-07-06
33855.33,2021-07-07
32877.37,2021-07-08
33798.01,2021-07-09
33520.52,2021-07-10
34240.19,2021-07-11
33155.85,2021-07-12
32702.03,2021-07-13
32822.35,2021-07-14
31780.73,2021-07-15
31421.54,2021-07-16
31533.07,2021-07-17
31796.81,2021-07-18
30817.83,2021-07-19
29807.35,2021-07-20
32110.69,2021-07-21
32313.11,2021-07-22
33581.55,2021-07-23
34292.45,2021-07-24
35350.19,2021-07-25
37337.54,2021-07-26
39406.94,2021-07-27
39995.91,2021-07-28
40008.42,2021-07-29
42235.55,2021-07-30
41626.2,2021-07-31
39974.89,2021-08-01
39201.95,2021-08-02
38152.98,2021-08-03
39747.5,2021-08-04
40869.55,2021-08-05
42816.5,2021-08-06
44555.8,2021-08-07
43798.12,2021-08-08
46365.4,2021-08-09
45585.03,2021-08-10
45593.64,2021-08-11
44428.29,2021-08-12
47793.32,2021-08-13
47096.95,2021-08-14
47047.0,2021-08-15
46004.48,2021-08-16
44695.36,2021-08-17
44801.19,2021-08-18
46717.58,2021-08-19
49339.18,2021-08-20
48905.49,2021-08-21
49321.65,2021-08-22
49546.15,2021-08-23
47706.12,2021-08-24
48960.79,2021-08-25
46942.22,2021-08-26
49058.67,2021-08-27
48902.4,2021-08-28
48829.83,2021-08-29
47054.98,2021-08-30
47166.69,2021-08-31
48847.03,2021-09-01
49327.72,2021-09-02
50025.38,2021-09-03
49944.63,2021-09-04
51753.41,2021-09-05
52633.54,2021-09-06
46811.13,2021-09-07
46091.39,2021-09-08
46391.42,2021-09-09
44883.91,2021-09-10
45201.46,2021-09-11
46063.27,2021-09-12
44963.07,2021-09-13
47092.49,2021-09-14
48176.35,2021-09-15
47783.36,2021-09-16
47267.52,2021-09-17
48278.36,2021-09-18
47260.22,2021-09-19
42843.8,2021-09-20
40693.68,2021-09-21
43574.51,2021-09-22
44895.1,2021-09-23
42839.75,2021-09-24
42716.59,2021-09-25
43208.54,2021-09-26
42235.73,2021-09-27
41034.54,2021-09-28
41564.36,2021-09-29
43790.89,2021-09-30
48116.94,2021-10-01
47711.49,2021-10-02
48199.95,2021-10-03
49112.9,2021-10-04
51514.81,2021-10-05
55361.45,2021-10-06
53805.98,2021-10-07
53967.85,2021-10-08
54968.22,2021-10-09
54771.58,2021-10-10
57484.79,2021-10-11
56041.06,2021-10-12
57401.1,2021-10-13
57321.52,2021-10-14
61593.95,2021-10-15
60892.18,2021-10-16
61553.62,2021-10-17
62026.08,2021-10-18
64261.99,2021-10-19
65992.84,2021-10-20
62210.17,2021-10-21
60692.27,2021-10-22
61393.62,2021-10-23
60930.84,2021-10-24
63039.82,2021-10-25
60363.79,2021-10-26
58482.39,2021-10-27
60622.14,2021-10-28
62227.96,2021-10-29
61888.83,2021-10-30
61318.96,2021-10-31
61004.41,2021-11-01
63226.4,2021-11-02
62970.05,2021-11-03
61452.23,2021-11-04
61125.68,2021-11-05
61527.48,2021-11-06
63326.99,2021-11-07
67566.83,2021-11-08
66971.83,2021-11-09
64995.23,2021-11-10
64949.96,2021-11-11
64155.94,2021-11-12
64469.53,2021-11-13
65466.84,2021-11-14
63557.87,2021-11-15
60161.25,2021-11-16
60368.01,2021-11-17
56942.14,2021-11-18
58119.58,2021-11-19
59697.2,2021-11-20
58730.48,2021-11-21
56289.29,2021-11-22
57569.07,2021-11-23
56280.43,2021-11-24
57274.68,2021-11-25
53569.77,2021-11-26
54815.08,2021-11-27
57248.46,2021-11-28
57806.57,2021-11-29
57005.43,2021-11-30
57229.83,2021-12-01
56477.82,2021-12-02
53598.25,2021-12-03
49200.7,2021-12-04
49368.85,2021-12-05
50582.63,2021-12-06
50700.09,2021-12-07
50504.8,2021-12-08
47672.12,2021-12-09
47243.3,2021-12-10
49362.51,2021-12-11
50098.34,2021-12-12
46737.48,2021-12-13
46612.63,2021-12-14
48896.72,2021-12-15
47665.43,2021-12-16
46202.14,2021-12-17
46848.78,2021-12-18
46707.02,2021-12-19
46880.28,2021-12-20
48936.61,2021-12-21
48628.51,2021-12-22
50784.54,2021-12-23
50822.2,2021-12-24
50429.86,2021-12-25
50809.52,2021-12-26
50640.42,2021-12-27
47588.86,2021-12-28
46444.71,2021-12-29
47178.13,2021-12-30
46306.45,2021-12-31
47686.81,2022-01-01
47345.22,2022-01-02
46458.12,2022-01-03
45897.57,2022-01-04
43569.0,2022-01-05
43160.93,2022-01-06
41557.9,2022-01-07
41733.94,2022-01-08
41911.6,2022-01-09
41821.26,2022-01-10
42735.86,2022-01-11
43949.1,2022-01-12
42591.57,2022-01-13
43099.7,2022-01-14
43177.4,2022-01-15
43113.88,2022-01-16
42250.55,2022-01-17
42375.63,2022-01-18
41744.33,2022-01-19
40680.42,2022-01-20
36457.32,2022-01-21
35030.25,2022-01-22
36276.8,2022-01-23
36654.33,2022-01-24
36954.0,2022-01-25
36852.12,2022-01-26
37138.23,2022-01-27
37784.33,2022-01-28
38138.18,2022-01-29
37917.6,2022-01-30
38483.13,2022-01-31
38743.27,2022-02-01
36952.98,2022-02-02
37154.6,2022-02-03
41500.88,2022-02-04
41441.16,2022-02-05
42412.43,2022-02-06
43840.29,2022-02-07
44118.45,2022-02-08
44338.8,2022-02-09
43565.11,2022-02-10
42407.94,2022-02-11
42244.47,2022-02-12
42197.52,2022-02-13
42586.92,2022-02-14
44575.2,2022-02-15
43961.86,2022-02-16
40538.01,2022-02-17
40030.98,2022-02-18
40122.16,2022-02-19
38431.38,2022-02-20
37075.28,2022-02-21
38286.03,2022-02-22
37296.57,2022-02-23
38332.61,2022-02-24
39214.22,2022-02-25
39105.15,2022-02-26
37709.79,2022-02-27
43193.23,2022-02-28
44354.64,2022-03-01
43924.12,2022-03-02
42451.79,2022-03-03
39137.61,2022-03-04
39400.59,2022-03-05
38419.98,2022-03-06
38062.04,2022-03-07
38737.27,2022-03-08
41982.93,2022-03-09
39437.46,2022-03-10
38794.97,2022-03-11
38904.01,2022-03-12
37849.66,2022-03-13
39666.75,2022-03-14
39338.79,2022-03-15
41143.93,2022-03-16
40951.38,2022-03-17
41801.16,2022-03-18
42190.65,2022-03-19
41247.82,2022-03-20
41078.0,2022-03-21
42358.81,2022-03-22
42892.96,2022-03-23
43960.93,2022-03-24
44348.73,2022-03-25
44500.83,2022-03-26
46820.49,2022-03-27
47128.0,2022-03-28
47465.73,2022-03-29
47062.66,2022-03-30
45538.68,2022-03-31
46281.64,2022-04-01
45868.95,2022-04-02
46453.57,2022-04-03
46622.68,2022-04-04
45555.99,2022-04-05
43206.74,2022-04-06
43503.85,2022-04-07
42287.66,2022-04-08
42782.14,2022-04-09
42207.67,2022-04-10
39521.9,2022-04-11
40127.18,2022-04-12
41166.73,2022-04-13
39935.52,2022-04-14
40553.46,2022-04-15
40424.48,2022-04-16
39716.95,2022-04-17
40826.21,2022-04-18
41502.75,2022-04-19
41374.38,2022-04-20
40527.36,2022-04-21
39740.32,2022-04-22
39486.73,2022-04-23
39469.29,2022-04-24
40458.31,2022-04-25
38117.46,2022-04-26
39241.12,2022-04-27
39773.83,2022-04-28
38609.82,2022-04-29
37714.88,2022-04-30
38469.09,2022-05-01
38529.33,2022-05-02
37750.45,2022-05-03
39698.37,2022-05-04
36575.14,2022-05-05
36040.92,2022-05-06
35501.95,2022-05-07
34059.27,2022-05-08
30296.95,2022-05-09
31022.91,2022-05-10
28936.36,2022-05-11
29047.75,2022-05-12
29283.1,2022-05-13
30101.27,2022-05-14
31305.11,2022-05-15
29862.92,2022-05-16
30425.86,2022-05-17
28720.27,2022-05-18
30314.33,2022-05-19
29200.74,2022-05-20
29432.23,2022-05-21
30323.72,2022-05-22
29098.91,2022-05-23
29655.59,2022-05-24
29562.36,2022-05-25
29267.22,2022-05-26
28627.57,2022-05-27
28814.9,2022-05-28
29445.96,2022-05-29
31726.39,2022-05-30
31792.31,2022-05-31
29799.08,2022-06-01
30467.49,2022-06-02
29704.39,2022-06-03
29832.91,2022-06-04
29906.66,2022-06-05
31370.67,2022-06-06
31155.48,2022-06-07
30214.36,2022-06-08
30112.0,2022-06-09
29083.8,2022-06-10
28360.81,2022-06-11
26762.65,2022-06-12
22487.39,2022-06-13
22206.79,2022-06-14
22572.84,2022-06-15
20381.65,2022-06-16
20471.48,2022-06-17
19017.64,2022-06-18
20553.27,2022-06-19
20599.54,2022-06-20
20710.6,2022-06-21
19987.03,2022-06-22
21085.88,2022-06-23
21231.66,2022-06-24
21502.34,2022-06-25
21027.29,2022-06-26
20735.48,2022-06-27
20280.63,2022-06-28
20104.02,2022-06-29
19784.73,2022-06-30
19269.37,2022-07-01
19242.26,2022-07-02
19297.08,2022-07-03
20231.26,2022-07-04
20190.12,2022-07-05
20548.25,2022-07-06
21637.59,2022-07-07
21731.12,2022-07-08
21592.21,2022-07-09
20860.45,2022-07-10
19970.56,2022-07-11
19323.91,2022-07-12
20212.07,2022-07-13
20569.92,2022-07-14
20836.33,2022-07-15
21190.32,2022-07-16
20779.34,2022-07-17
22485.69,2022-07-18
23389.43,2022-07-19
23231.73,2022-07-20
23164.63,2022-07-21
22714.98,2022-07-22
22465.48,2022-07-23
22609.16,2022-07-24
21361.7,2022-07-25
21239.75,2022-07-26
22930.55,2022-07-27
23843.89,2022-07-28
23804.63,2022-07-29
23656.21,2022-07-30
23336.9,2022-07-31
23314.2,2022-08-01
22978.12,2022-08-02
22846.51,2022-08-03
22630.96,2022-08-04
23289.31,2022-08-05
22961.28,2022-08-06
23175.89,2022-08-07
23809.49,2022-08-08
23164.32,2022-08-09
23947.64,2022-08-10
23957.53,2022-08-11
24402.82,2022-08-12
24424.07,2022-08-13
24319.33,2022-08-14
24136.97,2022-08-15
23883.29,2022-08-16
23336.0,2022-08-17
23212.74,2022-08-18
20877.55,2022-08-19
21166.06,2022-08-20
21534.12,2022-08-21
21398.91,2022-08-22
21528.09,2022-08-23
21395.02,2022-08-24
21600.9,2022-08-25
20260.02,2022-08-26
20041.74,2022-08-27
19616.81,2022-08-28
20297.99,2022-08-29
19796.81,2022-08-30
20049.76,2022-08-31
20127.14,2022-09-01
19969.77,2022-09-02
19832.09,2022-09-03
19986.71,2022-09-04
19812.37,2022-09-05
18837.67,2022-09-06
19290.32,2022-09-07
19329.83,2022-09-08
21381.15,2022-09-09
21680.54,2022-09-10
21769.26,2022-09-11
22370.45,2022-09-12
20296.71,2022-09-13
20241.09,2022-09-14
19701.21,2022-09-15
19772.58,2022-09-16
20127.58,2022-09-17
19419.51,2022-09-18
19544.13,2022-09-19
18890.79,2022-09-20
18547.4,2022-09-21
19413.55,2022-09-22
19297.64,2022-09-23
18937.01,2022-09-24
18802.1,2022-09-25
19222.67,2022-09-26
19110.55,2022-09-27
19426.72,2022-09-28
19573.05,2022-09-29
19431.79,2022-09-30
19312.1,2022-10-01
19044.11,2022-10-02
19623.58,2022-10-03
20336.84,2022-10-04
20160.72,2022-10-05
19955.44,2022-10-06
19546.85,2022-10-07
19416.57,2022-10-08
19446.43,2022-10-09
19141.48,2022-10-10
19051.42,2022-10-11
19157.45,2022-10-12
19382.9,2022-10-13
19185.66,2022-10-14
19067.63,2022-10-15
19268.09,2022-10-16
19550.76,2022-10-17
19334.42,2022-10-18
19139.54,2022-10-19
19053.74,2022-10-20
19172.47,2022-10-21
19208.19,2022-10-22
19567.01,2022-10-23
19345.57,2022-10-24
20095.86,2022-10-25
20770.44,2022-10-26
20285.84,2022-10-27
20595.35,2022-10-28
20818.48,2022-10-29
20635.6,2022-10-30
20495.77,2022-10-31
20485.27,2022-11-01
20159.5,2022-11-02
20209.99,2022-11-03
21147.23,2022-11-04
21282.69,2022-11-05
20926.49,2022-11-06
20602.82,2022-11-07
18541.27,2022-11-08
15880.78,2022-11-09
17586.77,2022-11-10
17034.29,2022-11-11
16799.19,2022-11-12
16353.37,2022-11-13
16618.2,2022-11-14
16884.61,2022-11-15
16669.44,2022-11-16
16687.52,2022-11-17
16697.78,2022-11-18
16711.55,2022-11-19
16291.83,2022-11-20
15787.28,2022-11-21
16189.77,2022-11-22
16610.71,2022-11-23
16604.46,2022-11-24
16521.84,2022-11-25
16464.28,2022-11-26
16444.63,2022-11-27
16217.32,2022-11-28
16444.98,2022-11-29
17168.57,2022-11-30
16967.13,2022-12-01
17088.66,2022-12-02
16908.24,2022-12-03
17130.49,2022-12-04
16974.83,2022-12-05
17089.5,2022-12-06
16848.13,2022-12-07
17233.47,2022-12-08
17133.15,2022-12-09
17128.72,2022-12-10
17104.19,2022-12-11
17206.44,2022-12-12
17781.32,2022-12-13
17815.65,2022-12-14
17364.87,2022-12-15
16647.48,2022-12-16
16795.09,2022-12-17
16757.98,2022-12-18
16439.68,2022-12-19
16906.3,2022-12-20
16817.54,2022-12-21
16830.34,2022-12-22
16796.95,2022-12-23
16847.76,2022-12-24
16841.99,2022-12-25
16919.8,2022-12-26
16717.17,2022-12-27
16552.57,2022-12-28
16642.34,2022-12-29
16602.59,2022-12-30
16547.5,2022-12-31
16625.08,2023-01-01
16688.47,2023-01-02
16679.86,2023-01-03
16863.24,2023-01-04
16836.74,2023-01-05
16951.97,2023-01-06
16955.08,2023-01-07
17091.14,2023-01-08
17196.55,2023-01-09
17446.29,2023-01-10
17934.9,2023-01-11
18869.59,2023-01-12
19909.57,2023-01-13
20976.3,2023-01-14
20880.8,2023-01-15
21169.63,2023-01-16
21161.52,2023-01-17
20688.78,2023-01-18
21086.79,2023-01-19
22676.55,2023-01-20
22777.63,2023-01-21
22720.42,2023-01-22
22934.43,2023-01-23
22636.47,2023-01-24
23117.86,2023-01-25
23032.78,2023-01-26
23078.73,2023-01-27
23031.09,2023-01-28
23774.57,2023-01-29
22840.14,2023-01-30
23139.28,2023-01-31
23723.77,2023-02-01
23471.87,2023-02-02
23449.32,2023-02-03
23331.85,2023-02-04
22955.67,2023-02-05
22760.11,2023-02-06
23264.29,2023-02-07
22939.4,2023-02-08
21819.04,2023-02-09
21651.18,2023-02-10
21870.88,2023-02-11
21788.2,2023-02-12
21808.1,2023-02-13
22220.8,2023-02-14
24307.84,2023-02-15
23623.47,2023-02-16
24565.6,2023-02-17
24641.28,2023-02-18
24327.64,2023-02-19
24829.15,2023-02-20
24436.35,2023-02-21
24188.84,2023-02-22
23947.49,2023-02-23
23198.13,2023-02-24
23175.38,2023-02-25
23561.21,2023-02-26
23522.87,2023-02-27
23147.35,2023-02-28
23646.55,2023-03-01
23475.47,2023-03-02
22362.68,2023-03-03
22353.35,2023-03-04
22435.51,2023-03-05
22429.76,2023-03-06
22219.77,2023-03-07
21718.08,2023-03-08
20363.02,2023-03-09
20187.24,2023-03-10
20632.41,2023-03-11
22163.95,2023-03-12
24197.53,2023-03-13
24746.07,2023-03-14
24375.96,2023-03-15
25052.79,2023-03-16
27423.93,2023-03-17
26965.88,2023-03-18
28038.68,2023-03-19
27767.24,2023-03-20
28175.82,2023-03-21
27307.44,2023-03-22
28333.97,2023-03-23
27493.29,2023-03-24
27494.71,2023-03-25
27994.33,2023-03-26
27139.89,2023-03-27
27268.13,2023-03-28
28348.44,2023-03-29
28033.56,2023-03-30
28478.48,2023-03-31
28411.04,2023-04-01
28199.31,2023-04-02
27790.22,2023-04-03
28168.09,2023-04-04
28177.98,2023-04-05
28044.14,2023-04-06
27925.86,2023-04-07
27947.79,2023-04-08
28333.05,2023-04-09
29652.98,2023-04-10
30235.06,2023-04-11
30139.05,2023-04-12
30399.07,2023-04-13
30485.7,2023-04-14
30318.5,2023-04-15
30315.36,2023-04-16
29445.04,2023-04-17
30397.55,2023-04-18
28822.68,2023-04-19
28245.99,2023-04-20
27276.91,2023-04-21
27817.5,2023-04-22
27591.38,2023-04-23
27525.34,2023-04-24
28307.6,2023-04-25
28422.7,2023-04-26
29473.79,2023-04-27
29340.26,2023-04-28
29248.49,2023-04-29
29268.81,2023-04-30
28091.57,2023-05-01
28680.54,2023-05-02
29006.31,2023-05-03
28847.71,2023-05-04
29534.38,2023-05-05
28904.62,2023-05-06
28454.98,2023-05-07
27694.27,2023-05-08
27658.78,2023-05-09
27621.76,2023-05-10
27000.79,2023-05-11
26804.99,2023-05-12
26784.08,2023-05-13
26930.64,2023-05-14
27192.69,2023-05-15
27036.65,2023-05-16
27398.8,2023-05-17
26832.21,2023-05-18
26890.13,2023-05-19
27129.59,2023-05-20
26753.83,2023-05-21
26851.28,2023-05-22
27225.73,2023-05-23
26334.82,2023-05-24
26476.21,2023-05-25
26719.29,2023-05-26
26868.35,2023-05-27
28085.65,2023-05-28
27745.88,2023-05-29
27702.35,2023-05-30
27219.66,2023-05-31
26819.97,2023-06-01
27249.59,2023-06-02
27075.13,2023-06-03
27119.07,2023-06-04
25760.1,2023-06-05
27238.78,2023-06-06
26346.0,2023-06-07
26508.22,2023-06-08
26480.38,2023-06-09
25851.24,2023-06-10
25940.17,2023-06-11
25902.5,2023-06-12
25918.73,2023-06-13
25124.68,2023-06-14
25576.39,2023-06-15
26327.46,2023-06-16
26510.68,2023-06-17
26336.21,2023-06-18
26851.03,2023-06-19
28327.49,2023-06-20
30027.3,2023-06-21
29912.28,2023-06-22
30695.47,2023-06-23
30548.7,2023-06-24
30480.26,2023-06-25
30271.13,2023-06-26
30688.16,2023-06-27
30086.25,2023-06-28
30445.35,2023-06-29
30477.25,2023-06-30
30590.08,2023-07-01
30620.77,2023-07-02
31156.44,2023-07-03
30777.58,2023-07-04
30514.17,2023-07-05
29909.34,2023-07-06
30342.27,2023-07-07
30292.54,2023-07-08
30171.23,2023-07-09
30414.47,2023-07-10
30620.95,2023-07-11
30391.65,2023-07-12
31476.05,2023-07-13
30334.07,2023-07-14
30295.81,2023-07-15
30249.13,2023-07-16
30145.89,2023-07-17
29856.56,2023-07-18
29913.92,2023-07-19
29792.02,2023-07-20
29908.74,2023-07-21
29771.8,2023-07-22
30084.54,2023-07-23
29176.92,2023-07-24
29227.39,2023-07-25
29354.97,2023-07-26
29210.69,2023-07-27
29319.25,2023-07-28
29356.92,2023-07-29
29275.31,2023-07-30
29230.11,2023-07-31
29675.73,2023-08-01
29151.96,2023-08-02
29178.68,2023-08-03
29074.09,2023-08-04
29042.13,2023-08-05
29041.86,2023-08-06
29180.58,2023-08-07
29765.49,2023-08-08
29561.49,2023-08-09
29429.59,2023-08-10
29397.71,2023-08-11
29415.96,2023-08-12
29282.91,2023-08-13
29408.44,2023-08-14
29170.35,2023-08-15
28701.78,2023-08-16
26664.55,2023-08-17
26049.56,2023-08-18
26096.21,2023-08-19
26189.58,2023-08-20
26124.14,2023-08-21
26031.66,2023-08-22
26431.64,2023-08-23
26162.37,2023-08-24
26047.67,2023-08-25
26008.46,2023-08-26
26089.69,2023-08-27
26106.15,2023-08-28
27727.39,2023-08-29
27297.27,2023-08-30
25931.47,2023-08-31
25800.72,2023-09-01
25868.8,2023-09-02
25969.57,2023-09-03
25812.42,2023-09-04
25779.98,2023-09-05
25753.24,2023-09-06
26240.2,2023-09-07
25905.65,2023-09-08
25895.68,2023-09-09
25832.23,2023-09-10
25162.65,2023-09-11
25833.34,2023-09-12
26228.32,2023-09-13
26539.67,2023-09-14
26608.69,2023-09-15
26568.28,2023-09-16
26534.19,2023-09-17
26754.28,2023-09-18
27211.12,2023-09-19
27132.01,2023-09-20
26567.63,2023-09-21
26579.57,2023-09-22
26579.39,2023-09-23
26256.83,2023-09-24
26298.48,2023-09-25
26217.25,2023-09-26
26352.72,2023-09-27
27021.55,2023-09-28
26911.72,2023-09-29
26967.92,2023-09-30
27983.75,2023-10-01
27530.79,2023-10-02
27429.98,2023-10-03
27799.39,2023-10-04
27415.91,2023-10-05
27946.6,2023-10-06
27968.84,2023-10-07
27935.09,2023-10-08
27583.68,2023-10-09
27391.02,2023-10-10
26873.32,2023-10-11
26756.8,2023-10-12
26862.38,2023-10-13
26861.71,2023-10-14
27159.65,2023-10-15
28519.47,2023-10-16
28415.75,2023-10-17
28328.34,2023-10-18
28719.81,2023-10-19
29682.95,2023-10-20
29918.41,2023-10-21
29993.9,2023-10-22
33086.23,2023-10-23
33901.53,2023-10-24
34502.82,2023-10-25
34156.65,2023-10-26
33909.8,2023-10-27
34089.57,2023-10-28
34538.48,2023-10-29
34502.36,2023-10-30
34667.78,2023-10-31
35437.25,2023-11-01
34938.24,2023-11-02
34732.32,2023-11-03
35082.2,2023-11-04
35049.36,2023-11-05
35037.37,2023-11-06
35443.56,2023-11-07
35655.28,2023-11-08
36693.13,2023-11-09
37313.97,2023-11-10
37138.05,2023-11-11
37054.52,2023-11-12
36502.36,2023-11-13
35537.64,2023-11-14
37880.58,2023-11-15
36154.77,2023-11-16
36596.68,2023-11-17
36585.7,2023-11-18
37386.55,2023-11-19
37476.96,2023-11-20
35813.81,2023-11-21
37432.34,2023-11-22
37289.62,2023-11-23
37720.28,2023-11-24
37796.79,2023-11-25
37479.12,2023-11-26
37254.17,2023-11-27
37831.09,2023-11-28
37858.49,2023-11-29
37712.75,2023-11-30
38688.75,2023-12-01
39476.33,2023-12-02
39978.39,2023-12-03
41980.1,2023-12-04
44080.65,2023-12-05
43746.45,2023-12-06
43292.66,2023-12-07
44166.6,2023-12-08
43725.98,2023-12-09
43779.7,2023-12-10
41243.83,2023-12-11
41450.22,2023-12-12
42890.74,2023-12-13
43023.97,2023-12-14
41929.76,2023-12-15
42240.12,2023-12-16
41364.66,2023-12-17
42623.54,2023-12-18
42270.53,2023-12-19
43652.25,2023-12-20
43869.15,2023-12-21
43997.9,2023-12-22
43739.54,2023-12-23
43016.12,2023-12-24
43613.14,2023-12-25
42520.4,2023-12-26
43442.86,2023-12-27
42627.86,2023-12-28
42099.4,2023-12-29
42156.9,2023-12-30
42265.19,2023-12-31
44167.33,2024-01-01
44957.97,2024-01-02
42848.18,2024-01-03
44179.92,2024-01-04
44162.69,2024-01-05
43989.2,2024-01-06
43943.1,2024-01-07
46970.5,2024-01-08
46139.73,2024-01-09
46627.78,2024-01-10
46368.59,2024-01-11
42853.17,2024-01-12
42842.38,2024-01-13
41796.27,2024-01-14
42511.97,2024-01-15
43154.95,2024-01-16
42742.65,2024-01-17
41262.06,2024-01-18
41618.41,2024-01-19
41665.59,2024-01-20
41545.79,2024-01-21
39507.37,2024-01-22
39845.55,2024-01-23
40077.07,2024-01-24
39933.81,2024-01-25
41816.87,2024-01-26
42120.05,2024-01-27
42035.59,2024-01-28
43288.25,2024-01-29
42952.61,2024-01-30
42582.61,2024-01-31
43075.77,2024-02-01
43185.86,2024-02-02
42992.25,2024-02-03
42583.58,2024-02-04
42658.67,2024-02-05
43084.67,2024-02-06
44318.22,2024-02-07
45301.57,2024-02-08
47147.2,2024-02-09
47771.28,2024-02-10
48293.92,2024-02-11
49958.22,2024-02-12
49742.44,2024-02-13
51826.7,2024-02-14
51938.55,2024-02-15
52160.2,2024-02-16
51663.0,2024-02-17
52122.55,2024-02-18
51779.14,2024-02-19
52284.88,2024-02-20
51839.18,2024-02-21
51304.97,2024-02-22
50731.95,2024-02-23
51571.1,2024-02-24
51733.24,2024-02-25
54522.4,2024-02-26
57085.37,2024-02-27
62504.79,2024-02-28
61198.38,2024-02-29
62440.63,2024-03-01
62029.85,2024-03-02
63167.37,2024-03-03
68330.41,2024-03-04
63801.2,2024-03-05
66106.8,2024-03-06
66925.48,2024-03-07
68300.09,2024-03-08
68498.88,2024-03-09
69019.79,2024-03-10
72123.91,2024-03-11
71481.29,2024-03-12
73083.5,2024-03-13
71396.59,2024-03-14
69403.77,2024-03-15
65315.12,2024-03-16
68390.63,2024-03-17
67548.59,2024-03-18
61912.77,2024-03-19
67913.67,2024-03-20
65491.39,2024-03-21
63778.76,2024-03-22
64062.2,2024-03-23
67234.17,2024-03-24
69958.81,2024-03-25
69987.84,2024-03-26
69455.34,2024-03-27
70744.95,2024-03-28
69892.83,2024-03-29
69645.3,2024-03-30
71333.65,2024-03-31
69702.15,2024-04-01
65446.97,2024-04-02
65980.81,2024-04-03
68508.84,2024-04-04
67837.64,2024-04-05
68896.11,2024-04-06
69362.55,2024-04-07
71631.36,2024-04-08
69139.02,2024-04-09
70587.88,2024-04-10
70060.61,2024-04-11
67195.87,2024-04-12
63821.47,2024-04-13
65738.73,2024-04-14
63426.21,2024-04-15
63811.86,2024-04-16
61276.69,2024-04-17
63512.75,2024-04-18
63843.57,2024-04-19
64994.44,2024-04-20
64926.64,2024-04-21
66837.68,2024-04-22
66407.27,2024-04-23
64276.9,2024-04-24
64481.71,2024-04-25
63755.32,2024-04-26
63419.14,2024-04-27
63113.23,2024-04-28
63841.12,2024-04-29
60636.86,2024-04-30
58254.01,2024-05-01
59123.43,2024-05-02
62889.84,2024-05-03
63891.47,2024-05-04
64031.13,2024-05-05
63161.95,2024-05-06
62334.82,2024-05-07
61187.94,2024-05-08
63049.96,2024-05-09
60792.78,2024-05-10
60793.71,2024-05-11
61448.39,2024-05-12
62901.45,2024-05-13
61552.79,2024-05-14
66267.49,2024-05-15
65231.58,2024-05-16
67051.88,2024-05-17
66940.8,2024-05-18
66278.37,2024-05-19
71448.2,2024-05-20
70136.53,2024-05-21
69122.34,2024-05-22
67929.56,2024-05-23
68526.1,2024-05-24
69265.95,2024-05-25
68518.09,2024-05-26
69394.55,2024-05-27
68296.22,2024-05-28
67578.09,2024-05-29
68364.99,2024-05-30
67491.41,2024-05-31
67706.94,2024-06-01
67751.6,2024-06-02
68804.78,2024-06-03
70567.77,2024-06-04
71082.82,2024-06-05
70757.16,2024-06-06
69342.59,2024-06-07
69305.77,2024-06-08
69647.99,2024-06-09
69512.28,2024-06-10
67332.03,2024-06-11
68241.19,2024-06-12
66756.4,2024-06-13
66011.09,2024-06-14
66191.0,2024-06-15
66639.05,2024-06-16
66490.3,2024-06-17
65140.75,2024-06-18
64960.3,2024-06-19
64828.66,2024-06-20
64096.2,2024-06-21
64252.58,2024-06-22
63180.8,2024-06-23
60277.41,2024-06-24
61804.64,2024-06-25
60811.28,2024-06-26
61604.8,2024-06-27
60320.14,2024-06-28
60887.38,2024-06-29
62678.29,2024-06-30
62851.98,2024-07-01
62029.02,2024-07-02
60173.92,2024-07-03
56977.7,2024-07-04
56662.38,2024-07-05
58303.54,2024-07-06
55849.11,2024-07-07
56705.1,2024-07-08
58009.23,2024-07-09
57742.5,2024-07-10
57344.91,2024-07-11
57899.46,2024-07-12
59231.95,2024-07-13
60787.79,2024-07-14
64870.15,2024-07-15
65097.15,2024-07-16
64118.79,2024-07-17
63974.07,2024-07-18
66710.16,2024-07-19
67163.65,2024-07-20
68154.52,2024-07-21
67585.25,2024-07-22
65927.67,2024-07-23
65372.13,2024-07-24
65777.23,2024-07-25
67912.06,2024-07-26
67813.34,2024-07-27
68255.87,2024-07-28
66819.91,2024-07-29
66201.02,2024-07-30
64619.25,2024-07-31
65357.5,2024-08-01
61415.07,2024-08-02
60680.09,2024-08-03
58116.98,2024-08-04
53991.46,2024-08-05
56034.32,2024-08-06
55027.46,2024-08-07
61710.14,2024-08-08
60880.11,2024-08-09
60945.81,2024-08-10
58719.48,2024-08-11
59354.52,2024-08-12
60609.57,2024-08-13
58737.27,2024-08-14
57560.1,2024-08-15
58894.11,2024-08-16
59478.97,2024-08-17
58483.96,2024-08-18
59493.45,2024-08-19
59012.79,2024-08-20
61175.19,2024-08-21
60381.91,2024-08-22
64094.36,2024-08-23
64178.99,2024-08-24
64333.54,2024-08-25
62880.66,2024-08-26
59504.13,2024-08-27
59027.63,2024-08-28
59388.18,2024-08-29
59119.48,2024-08-30
58969.9,2024-08-31
57325.49,2024-09-01
59112.48,2024-09-02
57431.02,2024-09-03
57971.54,2024-09-04
56160.49,2024-09-05
53948.75,2024-09-06
54139.69,2024-09-07
54841.57,2024-09-08
57019.54,2024-09-09
57648.71,2024-09-10
57343.17,2024-09-11
58127.01,2024-09-12
60571.3,2024-09-13
60005.12,2024-09-14
59182.84,2024-09-15
58192.51,2024-09-16
60308.54,2024-09-17
61649.68,2024-09-18
62940.46,2024-09-19
63192.98,2024-09-20
63394.84,2024-09-21
63648.71,2024-09-22
63329.8,2024-09-23
64301.97,2024-09-24
63143.14,2024-09-25
65181.02,2024-09-26
65790.66,2024-09-27
65887.65,2024-09-28
65635.3,2024-09-29
63329.5,2024-09-30
60837.01,2024-10-01
60632.79,2024-10-02
60759.4,2024-10-03
62067.48,2024-10-04
62089.95,2024-10-05
62818.95,2024-10-06
62236.66,2024-10-07
62131.97,2024-10-08
60582.1,2024-10-09
60274.5,2024-10-10
62445.09,2024-10-11
63193.02,2024-10-12
62851.38,2024-10-13
66046.13,2024-10-14
67041.11,2024-10-15
67612.72,2024-10-16
67399.84,2024-10-17
68418.79,2024-10-18
68362.73,2024-10-19
69001.7,2024-10-20
67367.85,2024-10-21
67361.41,2024-10-22
66432.2,2024-10-23
68161.05,2024-10-24
66642.41,2024-10-25
67014.7,2024-10-26
67929.3,2024-10-27
69907.76,2024-10-28
72720.49,2024-10-29
72339.54,2024-10-30
70215.19,2024-10-31
69482.47,2024-11-01
69289.27,2024-11-02
68741.12,2024-11-03
67811.51,2024-11-04
69359.56,2024-11-05
75639.08,2024-11-06
75904.86,2024-11-07
76545.48,2024-11-08
76778.87,2024-11-09
80474.19,2024-11-10
88701.48,2024-11-11
87955.81,2024-11-12
90584.16,2024-11-13
87250.43,2024-11-14
91066.01,2024-11-15
90558.48,2024-11-16
89845.85,2024-11-17
90542.64,2024-11-18
92343.79,2024-11-19
94339.49,2024-11-20
98504.73,2024-11-21
98997.66,2024-11-22
97777.28,2024-11-23
98013.82,2024-11-24
93102.3,2024-11-25
91985.32,2024-11-26
95962.53,2024-11-27
95652.47,2024-11-28
97461.52,2024-11-29
96449.05,2024-11-30
97279.79,2024-12-01
95865.3,2024-12-02
96002.16,2024-12-03
98768.53,2024-12-04
96593.57,2024-12-05
99920.71,2024-12-06
99923.34,2024-12-07
101236.02,2024-12-08
97432.72,2024-12-09
96675.43,2024-12-10
101173.03,2024-12-11
100043.0,2024-12-12
101459.26,2024-12-13
101372.97,2024-12-14
104298.7,2024-12-15
106029.72,2024-12-16
106140.6,2024-12-17
100041.54,2024-12-18
97490.95,2024-12-19
97755.93,2024-12-20
97224.73,2024-12-21
95104.94,2024-12-22
94686.24,2024-12-23
98676.09,2024-12-24
99299.2,2024-12-25
95795.52,2024-12-26
94164.86,2024-12-27
95163.93,2024-12-28
93530.23,2024-12-29
92643.21,2024-12-30
93429.2,2024-12-31
94419.76,2025-01-01
96886.88,2025-01-02
98107.43,2025-01-03
98236.23,2025-01-04
98314.96,2025-01-05
102078.09,2025-01-06
96922.7,2025-01-07
95043.52,2025-01-08
92484.04,2025-01-09
94701.45,2025-01-10
94566.59,2025-01-11
94488.44,2025-01-12
94516.52,2025-01-13
96534.05,2025-01-14
100504.49,2025-01-15
99756.91,2025-01-16
104462.04,2025-01-17
104408.07,2025-01-18
101089.61,2025-01-19
102016.66,2025-01-20
106146.27,2025-01-21
103653.07,2025-01-22
103960.17,2025-01-23
104819.48,2025-01-24
104714.65,2025-01-25
102682.5,2025-01-26
102087.69,2025-01-27
101332.48,2025-01-28
103703.21,2025-01-29
104735.3,2025-01-30
102405.02,2025-01-31
100655.91,2025-02-01
97688.98,2025-02-02
101405.42,2025-02-03
97871.82,2025-02-04
96615.45,2025-02-05
96593.3,2025-02-06
96529.09,2025-02-07
96482.45,2025-02-08
96500.09,2025-02-09
97437.55,2025-02-10
95747.43,2025-02-11
97885.86,2025-02-12
96623.87,2025-02-13
97508.97,2025-02-14
97580.35,2025-02-15
96175.03,2025-02-16
95773.38,2025-02-17
95539.55,2025-02-18
96635.61,2025-02-19
98333.94,2025-02-20
96125.55,2025-02-21
96577.76,2025-02-22
96273.92,2025-02-23
91418.17,2025-02-24
88736.17,2025-02-25
84347.02,2025-02-26
84704.23,2025-02-27
84373.01,2025-02-28
86031.91,2025-03-01
94248.35,2025-03-02
86065.67,2025-03-03
87222.2,2025-03-04
90623.56,2025-03-05
89961.73,2025-03-06
86742.67,2025-03-07
86154.59,2025-03-08
80601.04,2025-03-09
78532.0,2025-03-10
82862.21,2025-03-11
83722.36,2025-03-12
81066.7,2025-03-13
83969.1,2025-03-14
84343.11,2025-03-15
82579.69,2025-03-16
